institution,institution_cubes_name,institution_full_name,continent,country,state,openapc_data_dir,ror_id,institution_type,institution_group,info_url,comment
Bamberg U,bamberg_u,Bamberg University,EUROPE,DEU,BY,unibamberg,https://ror.org/01c1w6d29,HEI,NA,https://www.uni-bamberg.de/en/library/publishing/oa-publishing/,NA
Bielefeld U,bielefeld_u,Bielefeld University,EUROPE,DEU,NW,unibi,https://ror.org/02hpadn98,HEI,NA,http://oa.uni-bielefeld.de/publikationsfonds.html,NA
Duisburg-Essen U,duisburg_essen_u,University of Duisburg-Essen,EUROPE,DEU,NW,unidue,https://ror.org/04mz5ra38,HEI,NA,NA,NA
FU Berlin,fu_berlin,Freie Universität Berlin,EUROPE,DEU,BE,fuberlin,https://ror.org/046ak2485,HEI,NA,http://www.fu-berlin.de/sites/open_access/finanzierung/publikationsfonds/index.html,NA
GFZ-Potsdam,gfz_potsdam,GFZ German Research Centre for Geosciences,EUROPE,DEU,BB,gfz-potsdam,https://ror.org/04z8jg394,INS,HGF,https://www.gfz-potsdam.de/en/home/,data provided by the [Library Wissenschaftspark Albert Einstein](http://bib.telegrafenberg.de/en/publishing/open-access/)
Konstanz U,konstanz_u,University of Konstanz,EUROPE,DEU,BW,unikonstanz,https://ror.org/0546hnb39,HEI,NA,https://www.kim.uni-konstanz.de/en/openscience/publishing-and-open-access/funding-open-access/,NA
Leipzig U,leipzig_u,Leipzig University,EUROPE,DEU,SN,unileipzig,https://ror.org/03s7gtk40,HEI,NA,https://www.ub.uni-leipzig.de/open-science/publikationsfonds/,NA
MPG,mpg,Max Planck Digital Library,EUROPE,DEU,BY,mpg,https://ror.org/0061msm67,INS,MPG,http://www.mpdl.mpg.de/21-specials/50-open-access-publishing.html,The data content covers APCs as paid for by the central budget for the Max Planck Society (MPS). APCs funded locally by Max Planck Institutes are not part of the data. The MPS has a limited input tax reduction. The refund of input VAT for APC is 20%. Until the end of 2007 the MPS was VAT exempt.
Regensburg U,regensburg_u,University of Regensburg,EUROPE,DEU,BY,unireg,https://ror.org/01eezs655,HEI,NA,http://oa.uni-regensburg.de/,NA
TU Clausthal,tu_clausthal,Clausthal University of Technology,EUROPE,DEU,NI,tuclausthal,https://ror.org/04qb8nc58,HEI,NA,https://www.ub.tu-clausthal.de/publizieren-open-access/open-access-publizieren/publikationsfonds,NA
Muenchen LMU,muenchen_lmu,Ludwig-Maximilians-Universität München,EUROPE,DEU,BY,lmu,https://ror.org/05591te55,HEI,NA,http://www.en.ub.uni-muenchen.de/writing/open-access-publishing/funding/index.html,NA
Goettingen U,goettingen_u,University of Göttingen,EUROPE,DEU,NI,unigoettingen,https://ror.org/01y9bpm73,HEI,NA,http://www.sub.uni-goettingen.de/en/electronic-publishing/open-access/open-access-publication-funding/,NA
Heidelberg U,heidelberg_u,Heidelberg University,EUROPE,DEU,BW,uniheidelberg,https://ror.org/038t36y30,HEI,NA,http://www.ub.uni-heidelberg.de/Englisch/service/openaccess/publikationsfonds.html,NA
Hamburg TUHH,hamburg_tuhh,Hamburg University of Technology,EUROPE,DEU,HH,tuhh,https://ror.org/04bs1pb34,HEI,NA,https://www.tub.tu-harburg.de/publizieren/openaccess/,NA
Bayreuth U,bayreuth_u,Bayreuth University,EUROPE,DEU,BY,unibayreuth,https://ror.org/0234wmv40,HEI,NA,http://www.ub.uni-bayreuth.de/en/digitale_bibliothek/open_access/index.html,NA
KIT,kit,KIT Karlsruhe,EUROPE,DEU,BW,kit,https://ror.org/04t3en479,INS,HGF,http://www.bibliothek.kit.edu/cms/kit-publikationsfonds.php,NA
INM - Leibniz-Institut für Neue Materialien,inm,INM - Leibniz Institute for New Materials,EUROPE,DEU,SL,leibniz-INM,https://ror.org/00g656d67,INS,WGL,https://www.ntnm-bib.de/open-access/publikationsfonds/,NA
MDC,mdc,Max Delbrück Center for Molecular Medicine (MDC),EUROPE,DEU,BE,mdc,https://ror.org/04p5ggc03,INS,HGF,https://www.mdc-berlin.de/about_the_mdc/structure/administration/library/oa?mdcbl%5B0%5D=/library&mdctl=0&mdcou=0&mdcot=0&mdcbv=nqe3t2xG8PGtPtxTs7kNhLVIaYkEwltgLl3DWBohxeI,NA
TU Chemnitz,tu_chemnitz,Technische Universität Chemnitz,EUROPE,DEU,SN,tuchemnitz,https://ror.org/00a208s56,HEI,NA,https://www.tu-chemnitz.de/ub/publizieren/openaccess/index.html.en,NA
TU Dresden,tu_dresden,Technische Universität Dresden,EUROPE,DEU,SN,tudresden,https://ror.org/042aqky30,HEI,NA,https://www.slub-dresden.de/veroeffentlichen/open-access-finanzieren,NA
Dortmund TU,dortmund_tu,Technische Universität Dortmund,EUROPE,DEU,NW,tudortmund,https://ror.org/01k97gp34,HEI,NA,https://www.ub.tu-dortmund.de/open-access/index.html.en,NA
Bochum U,bochum_u,Ruhr Universität Bochum,EUROPE,DEU,NW,rub,https://ror.org/04tsk2644,HEI,NA,http://www.ruhr-uni-bochum.de/oa/,NA
Giessen U,giessen_u,JLU Gießen,EUROPE,DEU,HE,jlu_giessen,https://ror.org/033eqas34,HEI,NA,https://www.uni-giessen.de/ub/en/digitales-publizieren-en/openaccess-en/oafonds-en?set_language=en,NA
FZJ - ZB,fzj_fb,Forschungszentrum Jülich,EUROPE,DEU,NW,fzj,https://ror.org/02nv7yv05,INS,HGF,https://www.fz-juelich.de/zb/DE/Leistungen/Open_Access/publikationsfonds/publikationsfonds_node.html,NA
Kassel U,kassel_u,University of Kassel,EUROPE,DEU,HE,unikassel,https://ror.org/04zc7p361,HEI,NA,http://www.uni-kassel.de/go/publikationsfonds,NA
TU Ilmenau,tu_ilmenau,Technische Universität Ilmenau,EUROPE,DEU,TH,tuilmenau,https://ror.org/01weqhp73,HEI,NA,https://www.tu-ilmenau.de/universitaet/quicklinks/universitaetsbibliothek/forschen-publizieren/open-access/open-access-finanzierung/open-access-publikationsfonds,NA
TU Muenchen,tu_muenchen,Technische Universität München,EUROPE,DEU,BY,tum,https://ror.org/02kkvpp62,HEI,NA,https://www.ub.tum.de/en/publishing-fund,NA
Hannover U,hannover_u,Leibniz Universität Hannover,EUROPE,DEU,NI,unihannover,https://ror.org/0304hq317,HEI,NA,https://tib.eu/oafonds,NA
Wuerzburg U,wuerzburg_u,University of Würzburg,EUROPE,DEU,BY,uniwuerzburg,https://ror.org/00fbnyb24,HEI,NA,https://www.bibliothek.uni-wuerzburg.de/en/research-publishing/open-access/publication-fund/,NA
Leibniz-Fonds,leibnizfonds,Leibniz-Fonds,EUROPE,DEU,BE,leibnizfonds,NA,INS,WGL,https://www.leibniz-gemeinschaft.de/en/research/open-science-and-digitalisation/open-access,NA
Potsdam U,potsdam_u,University of Potsdam,EUROPE,DEU,BB,unipotsdam,https://ror.org/03bnmw459,HEI,NA,https://publishup.uni-potsdam.de/home/index/help/content/publication_fund,NA
FWF - Austrian Science Fund,fwf,FWF - Austrian Science Fund,EUROPE,AUT,AUT-WI,fwf,https://ror.org/013tf3c58,NA,NA,https://www.fwf.ac.at/en/research-funding/open-access-policy/,NA
Bremen U,bremen_u,University of Bremen,EUROPE,DEU,HB,unibremen,https://ror.org/04ers2y35,HEI,NA,http://www.suub.uni-bremen.de/home-english/refworks-and-publishing/open-access-in-bremen-2/,NA
Erlangen Nuernberg U,erlangen_nuernberg_u,Friedrich-Alexander-Universität Erlangen-Nürnberg,EUROPE,DEU,BY,fau,https://ror.org/00f7hpc57,HEI,NA,https://ub.fau.de/schreiben-publizieren/open-access/dfg-gefoerderter-publikationsfonds/,NA
Wellcome Trust,wellcome_trust, Wellcome Trust,EUROPE,GBR,ENG,NA,https://ror.org/029chgv08,NA,NA,https://wellcome.ac.uk/funding/managing-grant/open-access-policy,NA
Tuebingen U,tuebingen_u,Eberhard Karls Universität Tübingen,EUROPE,DEU,BW,unituebingen,https://ror.org/03a1kwz48,HEI,NA,https://uni-tuebingen.de/en/facilities/university-library/publishing-research/publishing/open-access-publication-fund/,NA
Ulm U,ulm_u,Ulm University,EUROPE,DEU,BW,uniulm,https://ror.org/032000t02,HEI,NA,https://www.uni-ulm.de/en/einrichtungen/kiz/service-katalog/wid/publikationsmanagement/open-access/open-access/,NA
Freiburg U,freiburg_u,University of Freiburg,EUROPE,DEU,BW,unifreiburg,https://ror.org/0245cg223,HEI,NA,https://www.ub.uni-freiburg.de/en/support/electronic-publishing/open-access/open-access-publication-fund/,NA
TU Wien,tu_wien,Technische Universität Wien,EUROPE,AUT,AUT-WI,tuwien,https://ror.org/04d836q62,NA,NA,https://www.tuwien.at/en/library/research-and-publishing/funding,NA
HZDR,hzdr,Helmholtz-Zentrum Dresden-Rossendorf,EUROPE,DEU,SN,hzdr,https://ror.org/01zy2cs03,INS,HGF,http://www.hzdr.de/db/Cms?pNid=73,NA
Harvard U,harvard_u,Harvard University,NORTH_AMERICA,USA,US-MA,harvard-hope,https://ror.org/03vek6s52,NA,NA,https://osc.hul.harvard.edu/programs/hope/,NA
Oldenburg U,oldenburg_u,Carl von Ossietzky Universität Oldenburg,EUROPE,DEU,NI,unioldenburg,https://ror.org/033n9gh91,HEI,NA,https://uol.de/en/bis/research-publishing/open-access/open-access-publication-fund,NA
OpenAIRE,openaire,OpenAIRE (FP7 Post-Grant OA Pilot),EUROPE,GRC,GR-I,openaire,NA,NA,NA,https://www.openaire.eu/fp7-oapilot,NA
University of Calgary,calgary_u,University of Calgary,NORTH_AMERICA,CAN,CA-AB,NA,https://ror.org/03yjb2x39,NA,NA,https://library.ucalgary.ca/oa/,NA
IPN - Leibniz Kiel,ipn,IPN - Leibniz Institute for Science and Mathematics Education,EUROPE,DEU,SH,ipn,https://ror.org/008n8dd57,INS,WGL,http://www.ipn.uni-kiel.de/en/the-ipn/library/open-access,NA
UFZ,ufz,Helmholtz-Zentrum für Umweltforschung – UFZ,EUROPE,DEU,SN,ufz,https://ror.org/000h6jb29,INS,HGF,https://www.ufz.de/index.php?en=36297,NA
TiHo Hannover,tiho,"University of Veterinary Medicine Hannover, Foundation",EUROPE,DEU,NI,tihohannover,https://ror.org/015qjqf64,HEI,NA,http://www.tiho-hannover.de/de/kliniken-institute/bibliothek/open-access/publikationsfonds-an-der-tiho/,NA
Milano U,milano_u,Università degli Studi di Milano,EUROPE,ITA,IT-25,unimilano,https://ror.org/00wjc7c48,NA,NA,https://www.unimi.it/en,NA
Virginia Tech,virginia_tech,Virginia Polytechnic Institute and State University,NORTH_AMERICA,USA,US-VA,virginiatech,https://ror.org/02smfhw86,NA,NA,http://guides.lib.vt.edu/oa,NA
Münster U,muenster_u,Münster University,EUROPE,DEU,NW,unimuenster,https://ror.org/00pd74e08,HEI,NA,https://www.uni-muenster.de/Publizieren/service/publikationsfonds/,NA
JGU Mainz,jgu_mainz,Johannes Gutenberg University of Mainz,EUROPE,DEU,RP,unimainz,https://ror.org/023b0x485,HEI,NA,https://www.ub.uni-mainz.de/de/open-access/foerderkriterien-open-access,NA
Universitat de Barcelona,barcelona_u,Universitat de Barcelona,EUROPE,ESP,ES.CT,unibarcelona,https://ror.org/021018s57,NA,NA,http://crai.ub.edu/en/crai-services/open-access-ub,NA
IST Austria,ist_austria,Institute of Science and Technology Austria,EUROPE,AUT,AUT-NO,istaustria,https://ror.org/03gnh5541,NA,NA,https://ist.ac.at/en/research/library/publish-communicate/,NA
TIB,tib,TIB – German National Library of Science and Technology,EUROPE,DEU,NI,tib,https://ror.org/04aj4c181,INS,WGL,https://www.tib.eu/en/service/tib-open-access-policy/,NA
Aberystwyth University,aberystwyth_u,Aberystwyth University,EUROPE,GBR,WLS,NA,https://ror.org/015m2p889,NA,NA,NA,NA
Aston University,aston_u,Aston University,EUROPE,GBR,ENG,NA,https://ror.org/05j0ve876,NA,NA,NA,NA
Bangor University,bangor_u,Bangor University,EUROPE,GBR,WLS,NA,https://ror.org/006jb1a24,NA,NA,NA,NA
Cardiff University,cardiff_u,Cardiff University,EUROPE,GBR,WLS,NA,https://ror.org/03kk7td41,NA,NA,NA,NA
Cranfield University,cranfield_u,Cranfield University,EUROPE,GBR,ENG,NA,https://ror.org/05cncd958,NA,NA,NA,NA
Goldsmiths,goldsmiths_u,"Goldsmiths, University of London",EUROPE,GBR,ENG,NA,https://ror.org/01khx4a30,NA,NA,NA,NA
Imperial College London,imperial_college_london,Imperial College London,EUROPE,GBR,ENG,NA,https://ror.org/041kmwe10,NA,NA,NA,NA
Institute of Cancer Research,icr,Institute of Cancer Research (ICR),EUROPE,GBR,ENG,NA,https://ror.org/043jzw605,NA,NA,NA,NA
Keele University,keele_u,Keele University,EUROPE,GBR,ENG,NA,https://ror.org/00340yn33,NA,NA,NA,NA
King's College London,kings_college,King's College London,EUROPE,GBR,ENG,NA,https://ror.org/0220mzb33,NA,NA,NA,NA
LSE,lse,London School of Economics (LSE),EUROPE,GBR,ENG,NA,https://ror.org/0090zs177,NA,NA,NA,NA
LSHTM,lhstm,London School of Hygiene & Tropical Medicine (LSHTM),EUROPE,GBR,ENG,NA,https://ror.org/00a0jsq62,NA,NA,NA,NA
Lancaster University,lancaster_u,Lancaster University,EUROPE,GBR,ENG,NA,https://ror.org/04f2nsd36,NA,NA,NA,NA
Manchester Metropolitan University,manchester_met_u,Manchester Metropolitan University,EUROPE,GBR,ENG,NA,https://ror.org/02hstj355,NA,NA,NA,NA
Northumbria University,northumbria_u,Northumbria University,EUROPE,GBR,ENG,NA,https://ror.org/049e6bc10,NA,NA,NA,NA
Plymouth University,plymouth_u,Plymouth University,EUROPE,GBR,ENG,NA,https://ror.org/008n7pv89,NA,NA,NA,NA
"Queen Mary, University of London",queen_mary_u,Queen Mary University of London,EUROPE,GBR,ENG,NA,https://ror.org/026zzn846,NA,NA,NA,NA
Queen's University Belfast,belfast_u,Queen's University Belfast,EUROPE,GBR,NIR,NA,https://ror.org/00hswnk62,NA,NA,NA,NA
Royal Holloway,royal_holloway,"Royal Holloway, University of London",EUROPE,GBR,ENG,NA,https://ror.org/04g2vpn86,NA,NA,NA,NA
"St George's, University of London",st_georges_u,"St George's, University of London",EUROPE,GBR,ENG,NA,https://ror.org/040f08y74,NA,NA,NA,NA
Swansea University,swansea_u,Swansea University,EUROPE,GBR,WLS,NA,https://ror.org/053fq8t95,NA,NA,NA,NA
UCL,ucl,University College London (UCL),EUROPE,GBR,ENG,NA,https://ror.org/02jx3x895,NA,NA,NA,NA
University of Aberdeen,aberdeen_u,University of Aberdeen,EUROPE,GBR,SCT,NA,https://ror.org/016476m91,NA,NA,NA,NA
University of Bath,bath_u,University of Bath,EUROPE,GBR,ENG,NA,https://ror.org/002h8g185,NA,NA,NA,NA
University of Birmingham,birgmingham_u,University of Birmingham,EUROPE,GBR,ENG,NA,https://ror.org/03angcq70,NA,NA,NA,NA
University of Bristol,bristol_u,University of Bristol,EUROPE,GBR,ENG,NA,https://ror.org/0524sp257,NA,NA,NA,NA
University of Cambridge,cambridge_u,University of Cambridge,EUROPE,GBR,ENG,NA,https://ror.org/013meh722,NA,NA,NA,NA
University of Durham,durham_u,University of Durham,EUROPE,GBR,ENG,NA,https://ror.org/01v29qb04,NA,NA,NA,NA
University of Edinburgh,edinburgh_u,University of Edinburgh,EUROPE,GBR,SCT,NA,https://ror.org/01nrxwf90,NA,NA,NA,NA
University of Exeter,exeter_u,University of Exeter,EUROPE,GBR,ENG,NA,https://ror.org/03yghzc09,NA,NA,NA,NA
University of Glasgow,glasgow_u,University of Glasgow,EUROPE,GBR,SCT,NA,https://ror.org/00vtgdb53,NA,NA,NA,NA
University of Huddersfield,huddersfield_u,University of Huddersfield,EUROPE,GBR,ENG,NA,https://ror.org/05t1h8f27,NA,NA,NA,NA
University of Hull,hull_u,University of Hull,EUROPE,GBR,ENG,NA,https://ror.org/04nkhwh30,NA,NA,NA,NA
University of Leicester,leicester_u,University of Leicester,EUROPE,GBR,ENG,NA,https://ror.org/04h699437,NA,NA,NA,NA
University of Liverpool,liverpool_u,University of Liverpool,EUROPE,GBR,ENG,NA,https://ror.org/04xs57h96,NA,NA,NA,NA
University of Loughborough,loughborough_u,University of Loughborough,EUROPE,GBR,ENG,NA,https://ror.org/04vg4w365,NA,NA,NA,NA
University of Manchester,manchester_u,University of Manchester,EUROPE,GBR,ENG,NA,https://ror.org/027m9bs27,NA,NA,NA,NA
University of Newcastle,newcastle_u,University of Newcastle,EUROPE,GBR,ENG,NA,https://ror.org/01kj2bm70,NA,NA,NA,NA
University of Nottingham,nottingham_u,University of Nottingham,EUROPE,GBR,ENG,NA,https://ror.org/01ee9ar58,NA,NA,NA,NA
University of Oxford,oxford_u,University of Oxford,EUROPE,GBR,ENG,NA,https://ror.org/052gg0110,NA,NA,NA,NA
University of Portsmouth,portsmouth_u,University of Portsmouth,EUROPE,GBR,ENG,NA,https://ror.org/03ykbk197,NA,NA,NA,NA
University of Reading,reading_u,University of Reading,EUROPE,GBR,ENG,NA,https://ror.org/05v62cm79,NA,NA,NA,NA
University of Salford,salford_u,University of Salford,EUROPE,GBR,ENG,NA,https://ror.org/01tmqtf75,NA,NA,NA,NA
University of Sheffield,sheffield_u,University of Sheffield,EUROPE,GBR,ENG,NA,https://ror.org/05krs5044,NA,NA,NA,NA
University of Southampton,southampton_u,University of Southampton,EUROPE,GBR,ENG,NA,https://ror.org/01ryk1543,NA,NA,NA,NA
University of St Andrews,st_andrews_u,University of St Andrews,EUROPE,GBR,SCT,NA,https://ror.org/02wn5qz54,NA,NA,NA,NA
University of Surrey,surrey_u,University of Surrey,EUROPE,GBR,ENG,NA,https://ror.org/00ks66431,NA,NA,NA,NA
University of Sussex,sussex_u,University of Sussex,EUROPE,GBR,ENG,NA,https://ror.org/00ayhx656,NA,NA,NA,NA
University of Warwick,warwick_u,University of Warwick,EUROPE,GBR,ENG,NA,https://ror.org/01a77tt86,NA,NA,NA,NA
University of York,york_u,University of York,EUROPE,GBR,ENG,NA,https://ror.org/04m01e293,NA,NA,NA,NA
Chalmers University of Technology,chalmers_u,Chalmers University of Technology,EUROPE,SWE,SE-O,NA,https://ror.org/040wg7k59,NA,NA,NA,NA
Dalarna University,dalarna_u,Dalarna University,EUROPE,SWE,SE-W,natlibswe/univ_dalarna,https://ror.org/000hdh770,NA,NA,NA,NA
Karolinska Institutet,karolinska,Karolinska Institutet,EUROPE,SWE,SE-AB,natlibswe/karolinska_institute,https://ror.org/056d84691,NA,NA,NA,NA
KTH Royal Institute of Technology,kth,KTH Royal Institute of Technology,EUROPE,SWE,SE-AB,natlibswe/royal_inst_technology,https://ror.org/026vcq606,NA,NA,NA,NA
Linköping University,linkoping_u,Linköping University,EUROPE,SWE,SE-E,natlibswe/univ_linkoping,https://ror.org/05ynxx418,NA,NA,NA,NA
Luleå University of Technology,lulea_tu,Luleå University of Technology,EUROPE,SWE,SE-BD,natlibswe/univ_luleå,https://ror.org/016st3p78,NA,NA,NA,NA
Lund University,lund_u,Lund University,EUROPE,SWE,SE-M,natlibswe/univ_lund,https://ror.org/012a77v79,NA,NA,NA,NA
Malmö University,malmo_u,Malmö University,EUROPE,SWE,SE-M,natlibswe/univ_malmo,https://ror.org/05wp7an13,NA,NA,NA,NA
Mälardalen University,malardalen_u,Mälardalen University,EUROPE,SWE,SE-U,natlibswe/univ_malardalen,https://ror.org/033vfbz75,NA,NA,NA,NA
Stockholm School of Economics,stockholm_se,Stockholm School of Economics,EUROPE,SWE,SE-AB,natlibswe/sthlm_school_economics,https://ror.org/01s5jzh92,NA,NA,NA,NA
Stockholm University,stockholm_u,Stockholm University,EUROPE,SWE,SE-AB,natlibswe/univ_stockholm,https://ror.org/05f0yaq80,NA,NA,NA,NA
Swedish University of Agricultural Sciences,swedish_agricultural_u,Swedish University of Agricultural Sciences,EUROPE,SWE,SE-C,natlibswe/swe_univ_agr_sci,https://ror.org/02yy8x990,NA,NA,NA,NA
Umeå University,umea_u,Umeå University,EUROPE,SWE,SE-AC,NA,https://ror.org/05kb8h459,NA,NA,NA,NA
University of Gothenburg,gothenburg_u,University of Gothenburg,EUROPE,SWE,SE-O,natlibswe/univ_goteborg,https://ror.org/01tm6cn81,NA,NA,NA,NA
Uppsala University,uppsala_u,Uppsala University,EUROPE,SWE,SE-C,natlibswe/univ_uppsala,https://ror.org/048a87296,NA,NA,NA,NA
Akershus University Hospital,akershus_uh,Akershus University Hospital,EUROPE,NOR,NO.AK,NA,https://ror.org/0331wat71,NA,NA,NA,NA
BI Norwegian Business School,nor_business_school,BI Norwegian Business School,EUROPE,NOR,NO.OS,NA,https://ror.org/03ez40v33,NA,NA,NA,NA
Bergen University College,bergen_uc,Bergen University College,EUROPE,NOR,NO.HO,NA,https://ror.org/05phns765,NA,NA,NA,NA
Fridtjof Nansen Institute,fridtjof_nansen_institute,Fridtjof Nansen Institute,EUROPE,NOR,NO.AK,NA,https://ror.org/04ep2t954,NA,NA,NA,NA
GenØk - Centre for Biosafety,genok,GenØk - Centre for Biosafety,EUROPE,NOR,NO.TR,NA,https://ror.org/027arfy53,NA,NA,NA,NA
Harstad University College,harstad_uc,Harstad University College,EUROPE,NOR,NO.TR,NA,NA,NA,NA,NA,NA
Innlandet Hospital Trust,innlandet_ht,Innlandet Hospital Trust,EUROPE,NOR,NO.HE,NA,https://ror.org/02kn5wf75,NA,NA,NA,NA
Institute of Marine Research,institute_of_marine_research,Institute of Marine Research,EUROPE,NOR,NO.HO,NA,https://ror.org/05vg74d16,NA,NA,NA,NA
Molde University College,molde_uc,Molde University College,EUROPE,NOR,NO.MR,NA,https://ror.org/00kxjcd28,NA,NA,NA,NA
NILU - Norwegian Institute for Air Research,nilu,Norwegian Institute for Air Research,EUROPE,NOR,NO.AK,NA,https://ror.org/00q7d9z06,NA,NA,NA,NA
Nansen Environmental and Remote Sensing Center,nersc,Nansen Environmental and Remote Sensing Center,EUROPE,NOR,NO.HO,NA,https://ror.org/015th0q50,NA,NA,NA,NA
Nord University,nord_u,Nord University,EUROPE,NOR,NO.NO,NA,https://ror.org/030mwrt98,NA,NA,NA,NA
Norwegian Center for Studies on Violence and Traumatic Stress,nkvts,Norwegian Center for Studies on Violence and Traumatic Stress,EUROPE,NOR,NO.OS,NA,https://ror.org/01p618c36,NA,NA,NA,NA
Norwegian Institute for Agricultural and Environmental Research,nor_institute_for_agricultural_and_environmental_research,Norwegian Institute for Agricultural and Environmental Research,EUROPE,NOR,NO.AK,NA,https://ror.org/04aah1z61,NA,NA,NA,NA
Norwegian Institute for Nature Research,nina,Norwegian Institute for Nature Research,EUROPE,NOR,NO.TO,NA,https://ror.org/04aha0598,NA,NA,NA,NA
Norwegian Institute of Public Health,nor_institute_for_public_health,Norwegian Institute of Public Health,EUROPE,NOR,NO.OS,NA,https://ror.org/046nvst19,NA,NA,NA,NA
Norwegian Institute of Water Research,nor_institute_of_water_research,Norwegian Institute of Water Research,EUROPE,NOR,NO.OS,NA,https://ror.org/03hrf8236,NA,NA,NA,NA
Norwegian School of Sport Sciences,nor_school_of_sport_sciences,Norwegian School of Sport Sciences,EUROPE,NOR,NO.OS,NA,https://ror.org/045016w83,NA,NA,NA,NA
Norwegian University of Life Sciences,nor_life_sciences_u,Norwegian University of Life Sciences,EUROPE,NOR,NO.AK,NA,https://ror.org/04a1mvv97,NA,NA,NA,NA
Norwegian University of Science and Technology,nor_science_and_technology_u,Norwegian University of Science and Technology,EUROPE,NOR,NO.TO,NA,https://ror.org/05xg72x27,NA,NA,NA,NA
Oslo University Hospital,oslo_uh,Oslo University Hospital,EUROPE,NOR,NO.OS,NA,https://ror.org/00j9c2840,NA,NA,NA,NA
Oslo and Akershus university college,oslo_akershus_uc,Oslo and Akershus University College,EUROPE,NOR,NO.OS,NA,https://ror.org/04q12yn84,NA,NA,NA,NA
SINTEF,sintef,SINTEF (Foundation for Scientific and Industrial Research),EUROPE,NOR,NO.TO,NA,https://ror.org/01f677e56,NA,NA,NA,NA
Sørlandet Hospital Trust,sorlandet_ht,Sørlandet Hospital Trust,EUROPE,NOR,NO.VA,NA,NA,NA,NA,NA,NA
Uni Research,uni_research,Uni Research,EUROPE,NOR,NO.HO,NA,https://ror.org/016tr2j79,NA,NA,NA,NA
University College of Southeast Norway,se_norway_uc,University College of Southeast Norway,EUROPE,NOR,NO.BU,NA,https://ror.org/05ecg5h20,NA,NA,NA,NA
University of Agder,agder_u,University of Agder,EUROPE,NOR,NO.VA,NA,https://ror.org/03x297z98,NA,NA,NA,NA
University of Bergen,bergen_u,University of Bergen,EUROPE,NOR,NO.HO,NA,https://ror.org/03zga2b32,NA,NA,NA,NA
University of Oslo,oslo_u,University of Oslo,EUROPE,NOR,NO.OS,NA,https://ror.org/01xtthb56,NA,NA,NA,NA
University of Stavanger,stavanger_u,University of Stavanger,EUROPE,NOR,NO.RO,NA,https://ror.org/02qte9q33,NA,NA,NA,NA
University of Tromsø - The Arctic University of Norway,tromso_u,University of Tromsø - The Arctic University of Norway,EUROPE,NOR,NO.TR,NA,https://ror.org/00wge5k78,NA,NA,NA,NA
Vestfold Hospital Trust,vestfold_ht,Vestfold Hospital Trust,EUROPE,NOR,NO.VF,NA,NA,NA,NA,NA,NA
Vestre Viken Hospital Trust,vestre_viken_ht,Vestre Viken Hospital Trust,EUROPE,NOR,NO.BU,NA,https://ror.org/03wgsrq67,NA,NA,NA,NA
TU Berlin,tu_berlin,Technische Universität Berlin,EUROPE,DEU,BE,tuberlin,https://ror.org/03v4gjf40,HEI,NA,http://www.ub.tu-berlin.de/publikationsfonds/,NA
Trier U,trier_u,University of Trier,EUROPE,DEU,RP,unitrier,https://ror.org/02778hg05,HEI,NA,https://www.uni-trier.de/index.php?id=60802,NA
Swiss National Science Foundation (SNSF),snsf,Swiss National Science Foundation (SNSF),EUROPE,CHE,CH.BE,snsf,https://ror.org/00yjd3n13,NA,NA,http://www.snf.ch/en/theSNSF/research-policies/open-access/Pages/default.aspx#OA%202020%20Policy,NA
Osnabrück U,osnabrueck_u,Osnabrück University,EUROPE,DEU,NI,uniosnabrueck,https://ror.org/04qmmjx98,HEI,NA,https://www.ub.uni-osnabrueck.de/publizieren_archivieren/open_access/publikationsfonds.html,NA
TU Braunschweig,tu_braunschweig,Technische Universität Braunschweig,EUROPE,DEU,NI,tubraunschweig,https://ror.org/010nsgg66,HEI,NA,https://ub.tu-braunschweig.de/publikationsfonds/englisch/index_en.php,NA
Stuttgart U,stuttgart_u,University of Stuttgart,EUROPE,DEU,BW,unistuttgart,https://ror.org/04vnq7t77,HEI,NA,https://oa.uni-stuttgart.de/publizieren/fonds/,NA
TU Darmstadt,tu_darmstadt,Technische Universität Darmstadt,EUROPE,DEU,HE,tudarmstadt,https://ror.org/05n911h24,HEI,NA,https://www.ulb.tu-darmstadt.de/service/elektronisches_publizieren/oa_publikationsfond/index.en.jsp,NA
GIGA,giga,GIGA German Institute of Global and Area Studies,EUROPE,DEU,HH,giga,https://ror.org/00681ts17,INS,WGL,https://www.giga-hamburg.de/en/giga-open-access-guidelines,NA
Fraunhofer-Gesellschaft Publishing Fund,fraunhofer_publishing_fund,Fraunhofer-Gesellschaft Publishing Fund,EUROPE,DEU,BY,fraunhofer,NA,INS,FHG,https://www.openaccess.fraunhofer.de/en/open-access-strategy.html,NA
MLU Halle-Wittenberg,mlu,Martin Luther Universität Halle-Wittenberg,EUROPE,DEU,ST,mluhalle,https://ror.org/05gqaka33,HEI,NA,https://bibliothek.uni-halle.de/dbib/openaccess/,NA
Rhode Island U,rhode_island_u,University of Rhode Island,NORTH_AMERICA,USA,US-RI,unirhodeisland,https://ror.org/013ckk937,NA,NA,https://uri.libguides.com/oafund,NA
Aix-Marseille Université,aix_marseille_u,Aix-Marseille Université,EUROPE,FRA,FR-PAC,couperin/amu,https://ror.org/035xkbk20,NA,NA,NA,NA
Université de Bourgogne,bourgogne_u,Université de Bourgogne,EUROPE,FRA,FR-BFC,couperin/bourgogne,https://ror.org/03k1bsr36,NA,NA,NA,NA
Hospices Civils de Lyon,hcl_u,Hospices Civils de Lyon,EUROPE,FRA,FR-ARA,couperin/hcl,https://ror.org/01502ca60,NA,NA,NA,NA
INRIA,inria,Institut national de recherche en informatique et en automatique (INRIA),EUROPE,FRA,FR-IDF,couperin/inria,https://ror.org/02kvxyf05,NA,NA,NA,NA
INSERM,inserm,Institut national de la santé et de la recherche médicale (INSERM),EUROPE,FRA,FR-IDF,couperin/inserm,https://ror.org/02vjkv261,NA,NA,NA,NA
Université Lille 1,lille1_u,Université Lille 1,EUROPE,FRA,FR-HDF,couperin/lille1,NA,NA,NA,NA,NA
Université Lille 2,lille2_u,Université Lille 2,EUROPE,FRA,FR-HDF,couperin/lille2,NA,NA,NA,NA,NA
Université de Rennes 1,rennes1_u,Université de Rennes 1,EUROPE,FRA,FR-BRE,couperin/rennes1,https://ror.org/015m7wh34,NA,NA,NA,NA
Université de Toulon,toulon_u,Université de Toulon,EUROPE,FRA,FR-PAC,couperin/toulon,https://ror.org/02m9kbe37,NA,NA,NA,NA
Université Pierre et Marie Curie (Paris VI),upmc,Université Pierre et Marie Curie (Paris VI),EUROPE,FRA,FR-IDF,couperin/upmc,NA,NA,NA,NA,NA
Université de Bordeaux,bordeaux_u,Université de Bordeaux,EUROPE,FRA,FR-NAQ,couperin/bordeaux,https://ror.org/057qpr032,NA,NA,NA,NA
Université Grenoble Alpes,grenoble_u,Université Grenoble Alpes,EUROPE,FRA,FR-ARA,couperin/grenoble,https://ror.org/02rx3b187,NA,NA,NA,NA
Institut national polytechnique de Toulouse,inpt,Institut national polytechnique de Toulouse(INPT),EUROPE,FRA,FR-OCC,couperin/inpt,https://ror.org/033p9g875,NA,NA,NA,NA
Université de Poitiers,poitiers_u,Université de Poitiers,EUROPE,FRA,FR-NAQ,couperin/poitiers,https://ror.org/04xhy8q59,NA,NA,NA,NA
University of Borås,boras_u,University of Borås,EUROPE,SWE,SE-O,natlibswe/univ_boras,https://ror.org/01fdxwh83,NA,NA,NA,NA
University West,west_u,University West,EUROPE,SWE,SE-O,natlibswe/univ_vast,https://ror.org/0257kt353,NA,NA,NA,NA
Linnaeus University,linnaeus_u,Linnaeus University,EUROPE,SWE,SE-G,natlibswe/univ_linne,https://ror.org/00j9qag85,NA,NA,NA,NA
Örebro University,orebro_u,Örebro University,EUROPE,SWE,SE-T,natlibswe/univ_orebro,https://ror.org/05kytsw45,NA,NA,NA,NA
Université de Lorraine,lorraine_u,Université de Lorraine,EUROPE,FRA,FR-GES,couperin/lorraine,https://ror.org/04vfs2w97,NA,NA,NA,NA
CNRS,cnrs,Centre national de la recherche scientifique (CNRS),EUROPE,FRA,FR-IDF,couperin/cnrs,https://ror.org/00675rp98,NA,NA,NA,NA
Université Clermont Auvergne,clermont_u,Université Clermont Auvergne,EUROPE,FRA,FR-ARA,couperin/auvergne,https://ror.org/01a8ajp46,NA,NA,NA,NA
Indiana University - Purdue University Indianapolis (IUPUI),iupui,Indiana University - Purdue University Indianapolis (IUPUI),NORTH_AMERICA,USA,US-IN,iupui,https://ror.org/05gxnyn08,NA,NA,https://ulib.iupui.edu/digitalscholarship/openaccess/oafund,NA
Leibniz-IGB,igb,IGB - Leibniz-Institute of Freshwater Ecology and Inland Fisheries,EUROPE,DEU,BE,igb,https://ror.org/01nftxb06,INS,WGL,https://www.igb-berlin.de/en/library,NA
Weierstrass Institute for Applied Analysis and Stochastics,wias,WIAS - Weierstrass Institute for Applied Analysis and Stochastics,EUROPE,DEU,BE,wias,https://ror.org/00h1x4t21,INS,WGL,https://www.wias-berlin.de/services/library/,NA
Université Paris Descartes (Paris V),paris_descartes_u,Université Paris Descartes (Paris V),EUROPE,FRA,FR-IDF,couperin/paris-descartes,NA,NA,NA,NA,NA
Université Toulouse III - Paul Sabatier,toulouse_u_3,Université Toulouse III,EUROPE,FRA,FR-OCC,couperin/toulouse3,https://ror.org/02v6kpv12,NA,NA,NA,NA
INRA,inra,Institut national de la recherche agronomique (INRA),EUROPE,FRA,FR-IDF,couperin/inra,https://ror.org/05y503v71,NA,NA,NA,NA
ESPCI Paris,espci,École supérieure de physique et de chimie industrielles de la Ville de Paris (ESPCI),EUROPE,FRA,FR-IDF,couperin/espci,https://ror.org/03zx86w41,NA,NA,NA,NA
Avignon Université,avignon_u,Avignon Université,EUROPE,FRA,FR-PAC,couperin/avignon,https://ror.org/00mfpxb84,NA,NA,NA,NA
Université de Caen Normandie,caen_u,Université de Caen Normandie,EUROPE,FRA,FR-NOR,couperin/caen,https://ror.org/051kpcy16,NA,NA,NA,NA
Université de Franche-Comté,france_comte_u,Université de Franche-Comté,EUROPE,FRA,FR-BFC,couperin/franche-comte,https://ror.org/03pcc9z86,NA,NA,NA,NA
Université Paris Diderot (Paris VII),paris_diderot_u,Université Paris Diderot (Paris VII),EUROPE,FRA,FR-IDF,couperin/paris-diderot,NA,NA,NA,NA,NA
Université de Strasbourg,strasbourg_u,Université de Strasbourg,EUROPE,FRA,FR-GES,couperin/strasbourg,https://ror.org/00pg6eq24,NA,NA,NA,NA
"University of Chemistry and Technology, Prague",uct_prague_u,"University of Chemistry and Technology, Prague",EUROPE,CZE,CZ-PR,uct_prague,https://ror.org/05ggn0a85,NA,NA,https://www.chemtk.cz/en/,NA
Brunel University,brunel_u,Brunel University,EUROPE,GBR,ENG,NA,https://ror.org/00dn4t376,NA,NA,NA,NA
Edinburgh Napier University,edinburgh_napier_u,Edinburgh Napier University,EUROPE,GBR,SCT,NA,https://ror.org/03zjvnn91,NA,NA,NA,NA
Glasgow Caledonian University,glasgow_caledonian_u,Glasgow Caledonian University,EUROPE,GBR,SCT,NA,https://ror.org/03dvm1235,NA,NA,NA,NA
Heriot-Watt University,heriot_watt_u,Heriot-Watt University,EUROPE,GBR,SCT,NA,https://ror.org/04mghma93,NA,NA,NA,NA
Leeds Beckett University,leeds_beckett_u,Leeds Beckett University,EUROPE,GBR,ENG,NA,https://ror.org/02xsh5r57,NA,NA,NA,NA
Liverpool John Moores University,liverpool_john_moores_u,Liverpool John Moores University,EUROPE,GBR,ENG,NA,https://ror.org/04zfme737,NA,NA,NA,NA
Liverpool School of Tropical Medicine,liverpool_sotm,Liverpool School of Tropical Medicine,EUROPE,GBR,ENG,NA,https://ror.org/03svjbs84,NA,NA,NA,NA
The Open University,open_u,The Open University,EUROPE,GBR,ENG,NA,https://ror.org/05mzfcs16,NA,NA,NA,NA
University of Dundee,dundee_u,University of Dundee,EUROPE,GBR,SCT,NA,https://ror.org/03h2bxq36,NA,NA,NA,NA
University of East Anglia,east_anglia_u,University of East Anglia,EUROPE,GBR,ENG,NA,https://ror.org/026k5mg93,NA,NA,NA,NA
University of Kent,kent_u,University of Kent,EUROPE,GBR,ENG,NA,https://ror.org/00xkeyj56,NA,NA,NA,NA
University of Leeds,leeds_u,University of Leeds,EUROPE,GBR,ENG,NA,https://ror.org/024mrxd33,NA,NA,NA,NA
University of Strathclyde,strathclyde_u,University of Strathclyde,EUROPE,GBR,SCT,NA,https://ror.org/00n3w3b69,NA,NA,NA,NA
University of the West of England,west_of_england_u,University of the West of England,EUROPE,GBR,ENG,NA,https://ror.org/02nwg5t34,NA,NA,NA,NA
University of Ulster,ulster_u,University of Ulster,EUROPE,GBR,NIR,NA,https://ror.org/01yp9g959,NA,NA,NA,NA
SOAS,soas,SOAS University of London,EUROPE,GBR,ENG,NA,https://ror.org/04vrxay34,NA,NA,NA,NA
London South Bank University,london_south_bank_u,London South Bank University,EUROPE,GBR,ENG,NA,https://ror.org/02vwnat91,NA,NA,NA,NA
Oxford Brookes University,oxford_brookes_u,Oxford Brookes University,EUROPE,GBR,ENG,NA,https://ror.org/04v2twj65,NA,NA,NA,NA
Université d'Angers,angers_u,Université d'Angers,EUROPE,FRA,FR-PDL,couperin/angers,https://ror.org/04yrqp957,NA,NA,NA,NA
CIRAD,cirad,Centre de coopération internationale en recherche agronomique pour le développement (CIRAD),EUROPE,FRA,FR-IDF,couperin/cirad,https://ror.org/05kpkpg04,NA,NA,NA,NA
Ecole normale supérieure de Paris,ens_paris,Ecole normale supérieure de Paris,EUROPE,FRA,FR-IDF,couperin/ens_paris,https://ror.org/05a0dhs15,NA,NA,NA,NA
Institut de recherche pour le développement (IRD),ird,Institut de recherche pour le développement (IRD),EUROPE,FRA,FR-PAC,couperin/ird,https://ror.org/05q3vnk25,NA,NA,NA,NA
Université Claude Bernard Lyon 1,lyon1_u,Université Claude Bernard Lyon 1,EUROPE,FRA,FR-ARA,couperin/lyon1,https://ror.org/029brtt94,NA,NA,NA,NA
Université de Nantes,nantes_u,Université de Nantes,EUROPE,FRA,FR-PDL,couperin/nantes,https://ror.org/03gnr7b55,NA,NA,NA,NA
IFSTTAR,ifsttar,"Institut français des sciences et technologies des transports, de l'aménagement et des réseaux (IFSTTAR)",EUROPE,FRA,FR-IDF,couperin/ifsttar,NA,NA,NA,NA,NA
IRSTEA,irstea,Institut national de recherche en sciences et technologies pour l'environnement et l'agriculture (IRSTEA),EUROPE,FRA,FR-IDF,couperin/irstea,NA,NA,NA,NA,NA
Université Evry Val-d'Essonne,evry_u,Université Evry Val-d'Essonne,EUROPE,FRA,FR-IDF,couperin/evry,https://ror.org/00e96v939,NA,NA,NA,NA
Université Technologique de Compiègne,compiegne_u,Université Technologique de Compiègne,EUROPE,FRA,FR-HDF,couperin/compiegne,https://ror.org/04y5kwa70,NA,NA,NA,NA
Frankfurt U,frankfurt_u,Johann Wolfgang Goethe-Universität Frankfurt am Main,EUROPE,DEU,HE,unifrankfurt,https://ror.org/04cvxnb49,HEI,NA,https://www.ub.uni-frankfurt.de/publizieren/publikationsfonds.html,NA
Museum National d'Histoire Naturelle,mnhn,Museum National d'Histoire Naturelle,EUROPE,FRA,FR-IDF,couperin/mnhn,https://ror.org/03wkt5x30,NA,NA,NA,NA
TH Wildau,th_wildau,Technische Hochschule Wildau,EUROPE,DEU,BB,thwildau,https://ror.org/00k62pe27,HEI,NA,https://www.th-wildau.de/hochschule/zentrale-einrichtungen/hochschulbibliothek/open-access-und-publikationsdienste/publikationsfonds/,NA
Charité - Universitätsmedizin Berlin,charite,Charité - Universitätsmedizin Berlin,EUROPE,DEU,BE,charite,https://ror.org/001w7jn25,HEI,NA,https://bibliothek.charite.de/publizieren/open_access,NA
La Rochelle Université,la_rochelle_u,La Rochelle Université,EUROPE,FRA,FR-NAQ,couperin/rochelle,https://ror.org/04mv1z119,NA,NA,NA,NA
Rostock U,rostock_u,University of Rostock,EUROPE,DEU,MV,unirostock,https://ror.org/03zdwsf69,HEI,NA,https://www.ub.uni-rostock.de/en/wissenschaftliche-services/open-access/open-access-foerdermoeglichkeiten/open-access-publikationsfonds-der-universitaet-rostock/,NA
Qatar National Library,qnl,Qatar National Library,WESTERN_ASIA,QAT,QA-RA,qatar_national_library,https://ror.org/02jv93662,NA,NA,https://www.qnl.qa/en,NA
Université de La Réunion,reunion_u,Université de La Réunion,EUROPE,FRA,FR-RE,couperin/reunion,https://ror.org/005ypkf75,NA,NA,NA,NA
Mines ParisTech,mines,MINES ParisTech,EUROPE,FRA,FR-IDF,couperin/mines-paristech,https://ror.org/04y8cs423,NA,NA,NA,NA
Université de Montpellier,montpellier_u,Université de Montpellier,EUROPE,FRA,FR-OCC,couperin/montpellier,https://ror.org/051escj72,NA,NA,NA,NA
Marburg U,marburg_u,Philipps University of Marburg,EUROPE,DEU,HE,unimarburg,https://ror.org/01rdrb571,HEI,NA,https://www.uni-marburg.de/de/ub/forschen/open-access/open-access-publikationsfonds,NA
Free University of Bozen-Bolzano,bozen_u,Free University of Bozen-Bolzano,EUROPE,ITA,IT-32,unibozen,https://ror.org/012ajp527,NA,NA,https://www.unibz.it/en/services/library/publishing-at-unibz/unibz-open-access-publishing-fund/,NA
Greifswald U,greifswald_u,University of Greifswald,EUROPE,DEU,MV,unigreifswald,https://ror.org/00r1edq15,HEI,NA,https://ub.uni-greifswald.de/en/service/for-academics/open-access/funding/,NA
PIK-Potsdam,pik_potsdam,Potsdam Institute for Climate Impact Research (PIK),EUROPE,DEU,BB,pik-potsdam,https://ror.org/03e8s1d88,INS,WGL,https://www.pik-potsdam.de,data provided by the [Library Wissenschaftspark Albert Einstein](http://bib.telegrafenberg.de/en/publishing/open-access/)
HU Berlin,hu_berlin,Humboldt-Universität zu Berlin,EUROPE,DEU,BE,huberlin,https://ror.org/01hcx6992,HEI,NA,https://www.ub.hu-berlin.de/de/forschen-publizieren/open-access/foerdermoeglichkeiten/finanzierung/publikationsfonds?set_language=de,NA
University of Debrecen,debrecen_u,University of Debrecen,EUROPE,HUN,HU-DE,unidebrecen,https://ror.org/02xf66n48,NA,NA,https://unideb.hu/en,NA
Institut für Arbeitsmarkt- und Berufsforschung,iab,Institut für Arbeitsmarkt- und Berufsforschung (IAB),EUROPE,DEU,BY,iab,https://ror.org/02qcqwf93,OTH,NA,https://iab.de/en/the-iab/aufgaben-und-leitlinien-en/open-access/,NA
GEOMAR,geomar,GEOMAR - Helmholtz Centre for Ocean Research Kiel,EUROPE,DEU,SH,geomar,https://ror.org/02h2x0161,INS,HGF,https://www.geomar.de/en/centre/central-facilities/bibliothek/author-services/publication-costs,NA
University of Jyväskylä,jyvaskyla_u,University of Jyväskylä,EUROPE,FIN,FI-08,unijyväskylä,https://ror.org/05n3dz165,NA,NA,https://openscience.jyu.fi/en/open-access-publishing,NA
Commissariat à l'énergie atomique et aux énergies alternatives (CEA),cea,Commissariat à l'énergie atomique et aux énergies alternatives (CEA),EUROPE,FRA,FR-IDF,couperin/cea,https://ror.org/00jjx8s55,NA,NA,NA,NA
Salzburg U,salzburg_u,University of Salzburg,EUROPE,AUT,AUT-SZ,unisalzburg,https://ror.org/05gs8cd61,NA,NA,https://www.plus.ac.at/university-library/services/open-access/open-access-policy/?lang=en,NA
Swedish School of Sport and Health Sciences,swedish_school_sport_health_sciences,Swedish School of Sport and Health Sciences,EUROPE,SWE,SE-AB,natlibswe/swe_school_sports_health_sciences,https://ror.org/046hach49,NA,NA,NA,NA
University of Skövde,skovde_u,University of Skövde,EUROPE,SWE,SE-O,natlibswe/univ_skovde,https://ror.org/051mrsz47,NA,NA,NA,NA
Karlstad University,karlstad_u,Karlstad University,EUROPE,SWE,SE-S,natlibswe/univ_karlstad,https://ror.org/05s754026,NA,NA,NA,NA
Mannheim U,mannheim_u,University of Mannheim,EUROPE,DEU,BW,unimannheim,https://ror.org/031bsb921,HEI,NA,https://www.bib.uni-mannheim.de/en/open-access-publishing-fund/,NA
University of Turku,turku_u,University of Turku,EUROPE,FIN,FI-19,uniturku,https://ror.org/05vghhr25,NA,NA,https://utuguides.fi/openaccess,NA
University of Belgrade,belgrade_u,University of Belgrade,EUROPE,SRB,RS-00,unibelgrade,https://ror.org/02qsmb048,NA,NA,http://bg.ac.rs/en/,NA
Tampere University,tampere_u,Tampere University,EUROPE,FIN,FI-11,unitampere,https://ror.org/033003e23,NA,NA,https://libguides.tuni.fi/open-access/introduction,NA
Charles University,charles_u,Charles University,EUROPE,CZE,CZ-PR,charlesuniversity,https://ror.org/024d6js02,NA,NA,https://cuni.cz/UKEN-1.html,NA
Bern University of Applied Sciences,bfh,Bern University of Applied Sciences,EUROPE,CHE,CH.BE,bfh,https://ror.org/02bnkt322,NA,NA,http://www.bfh.ch/,NA
University of Eastern Finland,eastern_finland_u,University of Eastern Finland,EUROPE,FIN,FI-15,unieasternfinland,https://ror.org/00cyydd11,NA,NA,https://www.uef.fi/en/etusivu,NA
Södertörns University,sodertorns_u,Södertörns University,EUROPE,SWE,SE-AB,natlibswe/univ_sodertorn,https://ror.org/00d973h41,NA,NA,NA,NA
Laurea University of Applied Sciences,laurea_uas,Laurea University of Applied Sciences,EUROPE,FIN,FI-18,laurea_uas,https://ror.org/05h664633,NA,NA,https://www.laurea.fi/en/,NA
Hanken School of Economics,hanken_soe,Hanken School of Economics,EUROPE,FIN,FI-18,hanken,https://ror.org/026086s92,NA,NA,https://www.hanken.fi/en,NA
Passau U,passau_u,University of Passau,EUROPE,DEU,BY,unipassau,https://ror.org/05ydjnb78,HEI,NA,https://www.ub.uni-passau.de/publizieren/open-access/publikationsfonds/,NA
DLR,dlr,Deutsches Zentrum für Luft- und Raumfahrt,EUROPE,DEU,NW,dlr,https://ror.org/04bwf3e34,INS,HGF,https://www.dlr.de/zb/en/desktopdefault.aspx/tabid-8234/,NA
Institut Pasteur,institut_pasteur,Institut Pasteur,EUROPE,FRA,FR-IDF,couperin/pasteur,https://ror.org/0495fxg12,NA,NA,NA,NA
Bill & Melinda Gates Foundation,gates_foundation,Bill & Melinda Gates Foundation,NORTH_AMERICA,USA,US-WA,gates_foundation,https://ror.org/0456r8d26,NA,NA,https://www.gatesfoundation.org/how-we-work/general-information/open-access-policy,NA
Siegen U,siegen_u,University of Siegen,EUROPE,DEU,NW,unisiegen,https://ror.org/02azyry73,HEI,NA,https://www.ub.uni-siegen.de/index.php?id=1510&L=1,NA
VSB - Technical University of Ostrava,tu_ostrava,VSB - Technical University of Ostrava,EUROPE,CZE,CZ-MO,tu_ostrava,https://ror.org/05x8mcb75,NA,NA,https://www.vsb.cz/en,NA
Saarland U,saarland_u,Saarland University,EUROPE,DEU,SL,unisaarland,https://ror.org/01jdpyv68,HEI,NA,https://www.sulb.uni-saarland.de/lernen/open-access/open-access-publikationsfonds/,NA
University of Zurich,zurich_u,University of Zurich,EUROPE,CHE,CH.ZH,unizuerich,https://ror.org/02crff812,NA,NA,https://www.ub.uzh.ch/de/wissenschaftlich-arbeiten/publizieren/Open-Access/Open-Access-an-der-UZH.html,NA
University of Liège,liege_u,University of Liège,EUROPE,BEL,BE-WLG,uniliege,https://ror.org/00afp2z80,NA,NA,https://www.uliege.be/cms/c_8699436/en/uliege,NA
Hochschule Luzern,hs_luzern,Hochschule Luzern,EUROPE,CHE,CH.LU,hsluzern,https://ror.org/04nd0xd48,NA,NA,https://www.hslu.ch/de-ch/hochschule-luzern/campus/bibliotheken/open-access-zugang-zu-wissenschaftlichen-arbeiten/,NA
Veneto Institute of Oncology IOV IRCCS,iov_ircss,Veneto Institute of Oncology (IOV IRCCS),EUROPE,ITA,IT-34,iov-irccs,https://ror.org/01xcjmy57,NA,NA,https://www.ioveneto.it/unit/gestione-documentazione-scientifica/,NA
Bielefeld FH,bielefeld_fh,University of Applied Sciences Bielefeld,EUROPE,DEU,NW,fhbielefeld,https://ror.org/00edvg943,HEI,NA,https://www.fh-bielefeld.de/open-access/publikationsfonds,NA
Pädagogische Hochschule Luzern,ph_luzern,Pädagogische Hochschule Luzern,EUROPE,CHE,CH.LU,phluzern,https://ror.org/0235ynq74,NA,NA,https://www.phlu.ch/,NA
Universität Luzern,luzern_u,Universität Luzern,EUROPE,CHE,CH.LU,uniluzern,https://ror.org/00kgrkn83,NA,NA,https://www.zhbluzern.ch/en/services/research-publish#WzU1Mzhd/,NA
University of Bern,bern_u,University of Bern,EUROPE,CHE,CH.BE,unibern,https://ror.org/02k7v4d05,NA,NA,https://www.ub.unibe.ch/services/open_science/open_access/oa_fonds/index_eng.html,NA
ETH Zurich,ethz,ETH Zürich,EUROPE,CHE,CH.ZH,ethz,https://ror.org/05a28rw58,NA,NA,https://library.ethz.ch/en/publishing-and-archiving/publishing-and-registering/publishing-in-open-access-journals.html,NA
University of Gävle,gavle_u,University of Gävle,EUROPE,SWE,SE-X,natlibswe/univ_gavle,https://ror.org/043fje207,NA,NA,NA,NA
Kiel U,kiel_u,Christian-Albrechts-Universität zu Kiel,EUROPE,DEU,SH,unikiel,https://ror.org/04v76ef78,HEI,NA,https://www.ub.uni-kiel.de/en/open-access-publishing/open-access,NA
Université de Reims Champagne Ardenne,reims_u,Université de Reims Champagne Ardenne,EUROPE,FRA,FR-GES,couperin/reims,https://ror.org/03hypw319,NA,NA,NA,NA
Bonn U,bonn_u,Rheinische Friedrich-Wilhelms-Universität Bonn,EUROPE,DEU,NW,unibonn,https://ror.org/041nas322,HEI,NA,https://www.open-access.uni-bonn.de/de,NA
Eawag - Swiss Federal Institute of Aquatic Science and Technology,eawag,Eawag - Swiss Federal Institute of Aquatic Science and Technology,EUROPE,CHE,CH.ZH,NA,https://ror.org/00pc48d59,NA,NA,https://www.eawag.ch/en/,via [Lib4RI](https://www.lib4ri.ch/services/open-access.html)
Empa - Swiss Federal Laboratories for Materials Science and Technology,empa,Empa - Swiss Federal Laboratories for Materials Science and Technology,EUROPE,CHE,CH.ZH,NA,https://ror.org/02x681a42,NA,NA,https://www.empa.ch/,via [Lib4RI](https://www.lib4ri.ch/services/open-access.html)
ANSM,ansm,Agence nationale de sécurité du médicament et des produits de santé,EUROPE,FRA,FR-IDF,couperin/ansm,https://ror.org/01g80gk13,NA,NA,NA,NA
Institut Laue-Langevin,laue_langevin,Institut Laue-Langevin,EUROPE,FRA,FR-ARA,couperin/ill,https://ror.org/01xtjs520,NA,NA,NA,NA
ISARA,isara,Institut supérieur d'agriculture Rhône-Alpes,EUROPE,FRA,FR-ARA,couperin/isara,https://ror.org/03xsqa235,NA,NA,NA,NA
Université Paris-Est Marne-la-Vallée,paris_est_u,Université Paris-Est Marne-la-Vallée,EUROPE,FRA,FR-IDF,couperin/upem,NA,NA,NA,NA,NA
DIPF,dipf,DIPF | Leibniz-Institut für Bildungsforschung und Bildungsinformation,EUROPE,DEU,HE,dipf,https://ror.org/0327sr118,INS,WGL,https://www.dipf.de/en/knowledge-resources/dipfdocs-open-access?set_language=en,NA
University of Basel,basel_u,University of Basel,EUROPE,CHE,CH.BS,unibasel,https://ror.org/02s6k3f65,NA,NA,https://ub.unibas.ch/de/digitale-dienste/open-access/,NA
CNAM,cnam,Conservatoire national des arts et métiers,EUROPE,FRA,FR-IDF,couperin/cnam,https://ror.org/0175hh227,NA,NA,NA,NA
IMT Atlantique,imt_atlantique,IMT Atlantique Bretagne Pays de la Loire,EUROPE,FRA,FR-BRE,couperin/imt,https://ror.org/030hj3061,NA,NA,NA,NA
HS Düsseldorf,hs_duesseldorf,Hochschule Düsseldorf,EUROPE,DEU,NW,hsduesseldorf,https://ror.org/00ftx0026,HEI,NA,https://bib.hs-duesseldorf.de/en,NA
Université des Antilles,antilles_u,Université des Antilles,EUROPE,FRA,FR-GP,couperin/antilles,https://ror.org/02ryfmr77,NA,NA,NA,NA
ENSICAEN,ensicaen,École nationale supérieure d'ingénieurs de Caen,EUROPE,FRA,FR-NOR,couperin/ensicaen,https://ror.org/01fpqqe90,NA,NA,NA,NA
Natural Resources Institute Finland,nri_finland,Natural Resources Institute Finland,EUROPE,FIN,FI-18,NA,https://ror.org/02hb7bm88,NA,NA,NA,NA
University of Applied Sciences Savonia,savonia_uas,University of Applied Sciences Savonia,EUROPE,FIN,FI-15,NA,https://ror.org/0238fqd79,NA,NA,NA,NA
SAMK Satakunta University of Applied Sciences,satakunta_uas,Satakunta University of Applied Sciences,EUROPE,FIN,FI-17,NA,https://ror.org/008wzdf98,NA,NA,NA,NA
JAMK University of Applied Sciences,jamk_uas,JAMK University of Applied Sciences,EUROPE,FIN,FI-08,NA,https://ror.org/01dn2ng71,NA,NA,NA,NA
Haaga-Helia University of Applied Sciences,haaga_helia_uas,Haaga-Helia University of Applied Sciences,EUROPE,FIN,FI-18,NA,https://ror.org/05cqf4668,NA,NA,NA,NA
VTT Technical Research Centre of Finland Ltd,vtt,VTT Technical Research Centre of Finland,EUROPE,FIN,FI-18,NA,https://ror.org/04b181w54,NA,NA,NA,NA
Häme University of Applied Sciences,hame_uas,Häme University of Applied Sciences,EUROPE,FIN,FI-06,NA,https://ror.org/01eg9n443,NA,NA,NA,NA
Université du Littoral Côte d'Opale,ulco,Université du Littoral Côte d'Opale,EUROPE,FRA,FR-HDF,couperin/ulco,https://ror.org/02gdcg342,NA,NA,NA,NA
Université de Tours,tours_u,Université de Tours,EUROPE,FRA,FR-CVL,couperin/tours,https://ror.org/02wwzvj46,NA,NA,NA,NA
Université Savoie Mont Blanc,savoie_u,Université Savoie Mont Blanc,EUROPE,FRA,FR-ARA,couperin/savoie,https://ror.org/04gqg1a07,NA,NA,NA,NA
Paris 8 Vincennes - Saint-Denis,paris_8_u,Paris 8 Vincennes - Saint-Denis,EUROPE,FRA,FR-IDF,couperin/paris-8,https://ror.org/04wez5e68,NA,NA,NA,NA
ONERA,onera,Office National d'Etudes et de Recherches Aérospatiales (ONERA),EUROPE,FRA,FR-IDF,couperin/onera,https://ror.org/005y2ap84,NA,NA,NA,NA
Université de Nouvelle Calédonie,nouvelle_caledonie_u,Université de Nouvelle Calédonie,EUROPE,FRA,FR-NC,couperin/nouvelle-caledonie,https://ror.org/02jrgcx64,NA,NA,NA,NA
Le Mans Université,le_mans_u,Le Mans Université,EUROPE,FRA,FR-PDL,couperin/le-mans,https://ror.org/0406t3m57,NA,NA,NA,NA
Laboratoire national de métrologie et d'essais - LNE,lne,Laboratoire national de métrologie et d'essais - LNE,EUROPE,FRA,FR-IDF,couperin/lne,https://ror.org/01ph39d13,NA,NA,NA,NA
Université de Lille,lille_u,Université de Lille,EUROPE,FRA,FR-HDF,couperin/lille,https://ror.org/02kzqn938,NA,NA,NA,NA
MHB Fontane,mhb_fontane,Medizinische Hochschule Brandenburg Theodor Fontane,EUROPE,DEU,BB,mhbfontane,https://ror.org/04839sh14,HEI,NA,https://www.mhb-fontane.de/open-access-publikationsfonds-482.html,NA
HTW Dresden,htw_dresden,Hochschule für Technik und Wirtschaft Dresden,EUROPE,DEU,SN,htwdresden,https://ror.org/05q5pk319,HEI,NA,https://www.htw-dresden.de/oa,NA
Thomas Jefferson University,jefferson_u,Thomas Jefferson University,NORTH_AMERICA,USA,US-PA,unijefferson,https://ror.org/00ysqcn41,NA,NA,https://library.jefferson.edu/pub/open_access.cfm,NA
ENS de Lyon,ens_lyon,ENS de Lyon,EUROPE,FRA,FR-ARA,couperin/ens_lyon,https://ror.org/04zmssz18,NA,NA,NA,NA
INSA Strasbourg,insa_strasbourg,Institut National des Sciences Appliquées de Strasbourg,EUROPE,FRA,FR-GES,couperin/insa-strasbourg,https://ror.org/001nta019,NA,NA,NA,NA
Université de Pau et des Pays de l'Adour,pau_u,Université de Pau et des Pays de l'Adour,EUROPE,FRA,FR-NAQ,couperin/pau,https://ror.org/01frn9647,NA,NA,NA,NA
Université de Bretagne Occidentale,bretagne_u,Université de Bretagne Occidentale,EUROPE,FRA,FR-BRE,couperin/ubo,https://ror.org/01b8h3982,NA,NA,NA,NA
Université de Versailles-Saint-Quentin-en-Yvelines,uvsq,Université de Versailles-Saint-Quentin-en-Yvelines,EUROPE,FRA,FR-IDF,couperin/uvsq,https://ror.org/03mkjjy25,NA,NA,NA,NA
Université de Bretagne-Sud,bretagne_sud_u,Université de Bretagne-Sud,EUROPE,FRA,FR-BRE,couperin/ubs,https://ror.org/04ed7fw48,NA,NA,NA,NA
Sorbonne Université,sorbonne_u,Sorbonne Université,EUROPE,FRA,FR-IDF,couperin/sorbonne-universite,https://ror.org/02en5vm52,NA,NA,NA,NA
INSA de Lyon,insa_lyon,INSA de Lyon,EUROPE,FRA,FR-ARA,couperin/insa-lyon,https://ror.org/050jn9y42,NA,NA,NA,NA
Aalto University,aalto_u,Aalto University,EUROPE,FIN,FI-18,NA,https://ror.org/020hwjq30,NA,NA,NA,NA
ZHAW Zurich University of Applied Sciences,zhaw,ZHAW Zurich University of Applied Sciences,EUROPE,CHE,CH.ZH,zhaw,https://ror.org/05pmsvm27,NA,NA,https://www.zhaw.ch/en/library/writing-publishing/publishing-and-open-access/oa-at-the-zhaw/#c112481,NA
"WSL - Swiss Federal Institute for Forest, Snow and Landscape Research",wsl,"WSL - Swiss Federal Institute for Forest, Snow and Landscape Research",EUROPE,CHE,CH.ZH,NA,https://ror.org/04bs5yc70,NA,NA,https://www.wsl.ch/en/index.html,NA
PSI - Paul Scherrer Institute,psi,PSI - Paul Scherrer Institute,EUROPE,CHE,CH.AG,NA,https://ror.org/03eh3y714,NA,NA,https://www.psi.ch/en,NA
Zurich University of the Arts,zhdk,Zurich University of the Arts,EUROPE,CHE,CH.ZH,zhdk,https://ror.org/05r0ap620,NA,NA,https://www.zhdk.ch/miz/miz-oa,NA
Johannes Kepler University Linz,linz_u,Johannes Kepler University Linz,EUROPE,AUT,AUT-OO,unilinz,https://ror.org/052r2xn60,NA,NA,https://www.jku.at/en/library/service/bibliometrics-and-publication-support/open-access-publishing/publication-fund/,NA
Paul-Drude-Institut für Festkörperelektronik,pdi,Paul-Drude-Institut für Festkörperelektronik,EUROPE,DEU,BE,pdi,https://ror.org/01mk1hj86,INS,WGL,http://www.pdi-berlin.de/home/,NA
Magdeburg U,magdeburg_u,Otto-von-Guericke-Universität Magdeburg,EUROPE,DEU,ST,unimagdeburg,https://ror.org/00ggpsq73,HEI,NA,https://www.ub.ovgu.de/en/Publication+_+Open+Access/Open+Access/Publication+Fund+for+Articles.html,NA
AgroParisTech,aggroparistech,AgroParisTech,EUROPE,FRA,FR-IDF,couperin/agroparistech,https://ror.org/02kbmgc12,NA,NA,NA,NA
ENGEES,engees,École nationale du génie de l'eau et de l'environnement de Strasbourg,EUROPE,FRA,FR-GES,couperin/engees,https://ror.org/02jhjzd11,NA,NA,NA,NA
ENSTA Bretagne,ensta_bretagne,ENSTA Bretagne,EUROPE,FRA,FR-BRE,couperin/ensta-bretagne,https://ror.org/059n54003,NA,NA,NA,NA
Université de Haute-Alsace,haute_alsace_u,Université de Haute-Alsace,EUROPE,FRA,FR-GES,couperin/haute-alsace,https://ror.org/04k8k6n84,NA,NA,NA,NA
IFREMER,ifremer,Institut Français de Recherche pour l'Exploitation de la Mer,EUROPE,FRA,FR-BRE,couperin/ifremer,https://ror.org/044jxhp58,NA,NA,NA,NA
Université du Havre,havre_u,Université du Havre,EUROPE,FRA,FR-NOR,couperin/le-havre,https://ror.org/05v509s40,NA,NA,NA,NA
Université Paris 1 Panthéon-Sorbonne,paris_1_u,Université Paris 1 Panthéon-Sorbonne,EUROPE,FRA,FR-IDF,couperin/paris-1,https://ror.org/002t25c44,NA,NA,NA,NA
Université Paris Nanterre,paris_nanterre_u,Université Paris Nanterre,EUROPE,FRA,FR-IDF,couperin/paris-nanterre,https://ror.org/013bkhk48,NA,NA,NA,NA
Université de Perpignan - Via Domitia,perpignan_u,Université de Perpignan - Via Domitia,EUROPE,FRA,FR-OCC,couperin/perpignan,https://ror.org/03am2jy38,NA,NA,NA,NA
Sciences Po Paris,scpo_paris,Sciences Po Paris,EUROPE,FRA,FR-IDF,couperin/scpo-paris,https://ror.org/05fe7ax82,NA,NA,NA,NA
Université de technologie de Troyes,troyes_u,Université de technologie de Troyes,EUROPE,FRA,FR-GES,couperin/utt,https://ror.org/01qhqcj41,NA,NA,NA,NA
Université Gustave Eiffel,gustave_eiffel_u,Université Gustave Eiffel,EUROPE,FRA,FR-IDF,couperin/gustave-eiffel,https://ror.org/03x42jk29,NA,NA,NA,NA
CHU de Rennes,rennes_chu,CHU de Rennes,EUROPE,FRA,FR-BRE,couperin/chu-rennes,https://ror.org/05qec5a53,NA,NA,NA,NA
Université Polytechnique Hauts-de-France,up_hauts_de_france,Université Polytechnique Hauts-de-France,EUROPE,FRA,FR-HDF,couperin/polytechnique-hdf,https://ror.org/02ezch769,NA,NA,NA,NA
INRAE,inrae,"Institut national de recherche pour l'agriculture, l'alimentation et l'environnement (INRAE)",EUROPE,FRA,FR-IDF,couperin/inrae,https://ror.org/003vg9w96,NA,NA,NA,NA
European Synchrotron Radiation Facility (ESRF),esrf,European Synchrotron Radiation Facility (ESRF),EUROPE,FRA,FR-ARA,couperin/esrf,https://ror.org/02550n020,NA,NA,NA,NA
Ecole centrale de Lyon,centrale_lyon,Ecole centrale de Lyon,EUROPE,FRA,FR-ARA,couperin/centrale-lyon,https://ror.org/05s6rge65,NA,NA,NA,NA
Pädagogische Hochschule Zürich,phzh,Pädagogische Hochschule Zürich,EUROPE,CHE,CH.ZH,phzh,https://ror.org/01awgk221,NA,NA,https://phzh.ch/de/Forschung/grundsatze/open-access/,NA
South-Eastern Finland University of Applied Sciences (Xamk),xamk,South-Eastern Finland University of Applied Sciences (Xamk),EUROPE,FIN,FI-04,NA,https://ror.org/051v6v138,NA,NA,NA,NA
Seinäjoki University of Applied Sciences,seinäjoki_uas,Seinäjoki University of Applied Sciences,EUROPE,FIN,FI-03,NA,https://ror.org/036je1b38,NA,NA,NA,NA
Lapin ammattikorkeakoulu (fi),lapin_uas,Lapin ammattikorkeakoulu (Lapland University of Applied Sciences),EUROPE,FIN,FI-10,NA,https://ror.org/047h64h89,NA,NA,NA,NA
Halmstad University,halmstad_u,Halmstad University,EUROPE,SWE,SE-N,natlibswe/univ_halmstad,https://ror.org/03h0qfp10,NA,NA,NA,NA
IFW Dresden,ifw_dresden,Leibniz-Institut für Festkörper- und Werkstoffforschung Dresden,EUROPE,DEU,SN,ifw-dresden,https://ror.org/04zb59n70,INS,WGL,https://www.ifw-dresden.de/about-us/library,NA
Hochschule Hannover,hsh,Hochschule Hannover,EUROPE,DEU,NI,hshannover,https://ror.org/03m2kj587,HEI,NA,https://www.hs-hannover.de/ueber-uns/organisation/bibliothek/services/publizieren-an-der-hsh/,NA
Université de Côte d'Azur,cote_azur_u,Université de Côte d'Azur,EUROPE,FRA,FR-PAC,couperin/cote-azur,https://ror.org/019tgvf94,NA,NA,NA,NA
IRSN,irsn,Institut de radioprotection et de sûreté nucléaire,EUROPE,FRA,FR-IDF,couperin/irsn,https://ror.org/01ha22c77,NA,NA,NA,NA
Bauhaus-Universität Weimar,weimar_u,Bauhaus-Universität Weimar,EUROPE,DEU,TH,uniweimar,https://ror.org/033bb5z47,HEI,NA,https://www.uni-weimar.de/en/university/structure/central-university-facilities/university-library/research/open-access/open-access-publication-fund/,NA
Universität Erfurt,erfurt_u,Universität Erfurt,EUROPE,DEU,TH,unierfurt,https://ror.org/03606hw36,HEI,NA,https://www.uni-erfurt.de/bibliothek/forschen-und-publizieren/publizieren-1/open-access-publikationsfonds,NA
Friedrich-Schiller-Universität Jena,fsu_jena,Friedrich-Schiller-Universität Jena,EUROPE,DEU,TH,fsu,https://ror.org/05qpz1x62,HEI,NA,https://www.thulb.uni-jena.de/services/forschung-/-lehre/open-access-/-elektronisches-publizieren#c3516,NA
University of Helsinki,helsinki_u,University of Helsinki,EUROPE,FIN,FI-18,unihelsinki,https://ror.org/040af2s02,NA,NA,https://www.helsinki.fi/en,NA
HAW Hamburg,haw_hamburg,Hamburg University of Applied Sciences,EUROPE,DEU,HH,haw_hamburg,https://ror.org/00fkqwx76,HEI,NA,https://www.haw-hamburg.de/hibs/publizieren/publikationsfonds/,NA
HHU Düsseldorf,hhu_duesseldorf,Heinrich-Heine-Universität Düsseldorf,EUROPE,DEU,NW,hhu_duesseldorf,https://ror.org/024z2rq82,HEI,NA,https://www.ulb.hhu.de/en/reseach-teaching-publishing/open-access/hhus-open-access-fund,NA
BTH Blekinge Institute of Technology,bth,BTH Blekinge Institute of Technology,EUROPE,SWE,SE-K,natlibswe/blekinge_inst_technology,https://ror.org/0093a8w51,NA,NA,NA,NA
Jönköping University,jonkoping_u,Jönköping University,EUROPE,SWE,SE-F,natlibswe/univ_jonkoping,https://ror.org/03t54am93,NA,NA,NA,NA
Catholic University of Eichstätt-Ingolstadt,kuei,Catholic University of Eichstätt-Ingolstadt,EUROPE,DEU,BY,ku_eichstaett_ingolstadt,https://ror.org/00mx91s63,HEI,NA,https://www.ku.de/bibliothek/forschen-und-publizieren/open-access,NA
Université Jean Moulin - Lyon III,lyon3_u,Université Jean Moulin - Lyon III,EUROPE,FRA,FR-ARA,couperin/lyon3,https://ror.org/05b5c0584,NA,NA,NA,NA
EURECOM,eurecom,EURECOM,EUROPE,FRA,FR-PAC,couperin/eurecom,https://ror.org/00sse7z02,NA,NA,NA,NA
Birkbeck College,birkbeck_u,"Birkbeck, University of London",EUROPE,GBR,ENG,NA,https://ror.org/02mb95055,NA,NA,NA,NA
Malawi Liverpool Wellcome,mlw,Malawi-Liverpool-Wellcome Clinical Research-Programme,EASTERN_AFRICA,MWI,MW-BL,NA,https://ror.org/03tebt685,NA,NA,NA,NA
Mahidol University of Oxford Tropical Medicine Research Unit,moru,Mahidol Oxford Tropical Medicine Research Unit,SOUTH_EASTERN_ASIA,THA,TH-10,NA,https://ror.org/03fs9z545,NA,NA,NA,NA
Oxford University Clinical Research Unit,oucru,Oxford University Clinical Research Unit,SOUTH_EASTERN_ASIA,VNM,VN-SG,NA,https://ror.org/05rehad94,NA,NA,NA,NA
Royal Veterinary College,rvc,Royal Veterinary College,EUROPE,GBR,ENG,NA,https://ror.org/01wka8n18,NA,NA,NA,NA
SWP - German Institute for International and Security Affairs,swp,SWP - German Institute for International and Security Affairs,EUROPE,DEU,BE,swp_berlin,https://ror.org/05frkc804,OTH,NA,https://www.swp-berlin.org/en/,NA
University of Vaasa,vaasa_u,University of Vaasa,EUROPE,FIN,FI-12,univaasa,https://ror.org/03769b225,NA,NA,https://www.uwasa.fi/en,NA
ENAC,enac,École Nationale de l'Aviation Civile,EUROPE,FRA,FR-OCC,couperin/enac,https://ror.org/022zdgq74,NA,NA,NA,NA
Åbo Akademi University,abo_akademi,Åbo Akademi University,EUROPE,FIN,FI-19,aboakademi,https://ror.org/029pk6x14,NA,NA,NA,NA
Finnish Environment Institute,finnish_environment_institute,Finnish Environment Institute,EUROPE,FIN,FI-18,NA,https://ror.org/013nat269,NA,NA,NA,NA
Université de Rennes 2,rennes2_u,Université de Rennes 2,EUROPE,FRA,FR-BRE,couperin/rennes2,https://ror.org/01m84wm78,NA,NA,NA,NA
Université de Nîmes,nimes_u,Université de Nîmes,EUROPE,FRA,FR-OCC,couperin/nimes,https://ror.org/044t4x544,NA,NA,NA,NA
The National Defence University,ndu,The National Defence University Finland,EUROPE,FIN,FI-18,NA,https://ror.org/01js4x705,NA,NA,NA,NA
Ecole polytechnique,ecole_polytechnique,Ecole polytechnique,EUROPE,FRA,FR_IDF,couperin/polytechnique-saclay,https://ror.org/05hy3tk52,NA,NA,NA,NA
Université de Picardie Jules Verne,picardie_u,Université de Picardie Jules Verne,EUROPE,FRA,FR-HDF,couperin/picardie,https://ror.org/01gyxrk03,NA,NA,NA,NA
Université Paris Dauphine-PSL,paris_dauphine_u,Université Paris Dauphine-PSL,EUROPE,FRA,FR_IDF,couperin/paris-dauphine,https://ror.org/052bz7812,NA,NA,NA,NA
CentraleSupélec,centrale_supelec,CentraleSupélec,EUROPE,FRA,FR_IDF,couperin/centrale-supelec,https://ror.org/019tcpt25,NA,NA,NA,NA
University of Oulu,oulu_u,University of Oulu,EUROPE,FIN,FI-14,unioulu,https://ror.org/03yj89h83,NA,NA,https://www.oulu.fi/en,NA
OA-Monofonds Brandenburg,NA,OA-Monofonds Brandenburg,NA,DEU,NA,brandenburg_oa-monofonds,NA,OTH,NA,https://open-access-brandenburg.de/fonds/,NA
Pädagogische Hochschule Thurgau,NA,Pädagogische Hochschule Thurgau,NA,CHE,NA,NA,https://ror.org/04bf6dq94,NA,NA,https://www.phtg.ch/,NA
Knowledge Unlatched,NA,Knowledge Unlatched,NA,DEU,NA,NA,https://ror.org/00xgd4p18,OTH,NA,http://www.knowledgeunlatched.org/,NA
Anglia Ruskin University,NA,Anglia Ruskin University,NA,GBR,NA,NA,https://ror.org/0009t4v78,NA,NA,https://www.aru.ac.uk/,NA
Bournemouth University,NA,Bournemouth University,NA,GBR,NA,NA,https://ror.org/05wwcw481,NA,NA,https://www.bournemouth.ac.uk/,NA
Cardiff Metropolitan University,NA,Cardiff Metropolitan University,NA,GBR,NA,NA,https://ror.org/00bqvf857,NA,NA,https://www.cardiffmet.ac.uk/Pages/default.aspx,NA
City University London,NA,City University London,NA,GBR,NA,NA,https://ror.org/04489at23,NA,NA,https://www.city.ac.uk/,NA
Edge Hill University,NA,Edge Hill University,NA,GBR,NA,NA,https://ror.org/028ndzd53,NA,NA,https://www.edgehill.ac.uk/,NA
Kingston University,NA,Kingston University,NA,GBR,NA,NA,https://ror.org/05bbqza97,NA,NA,https://www.kingston.ac.uk/,NA
Natural History Museum,NA,Natural History Museum,NA,GBR,NA,NA,https://ror.org/039zvsn29,NA,NA,https://www.nhm.ac.uk/,NA
Nottingham Trent University,NA,Nottingham Trent University,NA,GBR,NA,NA,https://ror.org/04xyxjd90,NA,NA,https://www.ntu.ac.uk/,NA
Robert Gordon University,NA,Robert Gordon University,NA,GBR,NA,NA,https://ror.org/04f0qj703,NA,NA,https://www.rgu.ac.uk/,NA
Scotland's Rural College,NA,Scotland's Rural College,NA,GBR,NA,NA,https://ror.org/044e2ja82,NA,NA,https://www.sruc.ac.uk/,NA
Sheffield Hallam University,NA,Sheffield Hallam University,NA,GBR,NA,NA,https://ror.org/019wt1929,NA,NA,https://libguides.shu.ac.uk/OpenAccess/,NA
University of Abertay Dundee,NA,University of Abertay Dundee,NA,GBR,NA,NA,https://ror.org/04mwwnx67,NA,NA,https://www.abertay.ac.uk/,NA
University of Bedfordshire,NA,University of Bedfordshire,NA,GBR,NA,NA,https://ror.org/0400avk24,NA,NA,https://www.beds.ac.uk/,NA
University of Bradford,NA,University of Bradford,NA,GBR,NA,NA,https://ror.org/00vs8d940,NA,NA,https://www.bradford.ac.uk/external/,NA
University of Central Lancashire,NA,University of Central Lancashire,NA,GBR,NA,NA,https://ror.org/010jbqd54,NA,NA,https://www.uclan.ac.uk/,NA
University of Chester,NA,University of Chester,NA,GBR,NA,NA,https://ror.org/01drpwb22,NA,NA,https://www1.chester.ac.uk/,NA
University of Derby,NA,University of Derby,NA,GBR,NA,NA,https://ror.org/02yhrrk59,NA,NA,https://www.derby.ac.uk/,NA
University of Greenwich,NA,University of Greenwich,NA,GBR,NA,NA,https://ror.org/00bmj0a71,NA,NA,https://www.gre.ac.uk/,NA
University of Lincoln,NA,University of Lincoln,NA,GBR,NA,NA,https://ror.org/03yeq9x20,NA,NA,http://www.lincoln.ac.uk/home/,NA
University of Northampton,NA,University of Northampton,NA,GBR,NA,NA,https://ror.org/04jp2hx10,NA,NA,https://www.northampton.ac.uk/,NA
University of Stirling,NA,University of Stirling,NA,GBR,NA,NA,https://ror.org/045wgfr59,NA,NA,https://www.stir.ac.uk/,NA
University of Westminster,NA,University of Westminster,NA,GBR,NA,NA,https://ror.org/04ycpbx82,NA,NA,https://www.westminster.ac.uk/,NA
University of West of Scotland,NA,University of West of Scotland,NA,GBR,NA,NA,https://ror.org/04w3d2v20,NA,NA,https://www.uws.ac.uk/home/,NA
University of the Highlands and Islands,NA,University of the Highlands and Islands,NA,GBR,NA,NA,https://ror.org/02s08xt61,NA,NA,https://www.uhi.ac.uk/en/,NA
University of Wales Trinity St David,NA,University of Wales Trinity St David,NA,GBR,NA,NA,https://ror.org/05gkzcc88,NA,NA,https://www.uwtsd.ac.uk/,NA
Queen Margaret University,NA,Queen Margaret University,NA,GBR,NA,NA,https://ror.org/002g3cb31,NA,NA,https://www.qmu.ac.uk/,NA
Academic Medical Center (AMC),NA,Academic Medical Center (AMC),NA,NLD,NA,NA,https://ror.org/03t4gr691,NA,NA,https://www.amc.nl/web/home.htm,NA
Delft University of Technology,NA,Delft University of Technology,NA,NLD,NA,NA,https://ror.org/02e2c7k09,NA,NA,https://www.tudelft.nl/en/,NA
Eindhoven University of Technology,NA,Eindhoven University of Technology,NA,NLD,NA,NA,https://ror.org/02c2kyt77,NA,NA,https://www.tue.nl/en/,NA
Erasmus MC,NA,Erasmus University Medical Center,NA,NLD,NA,NA,https://ror.org/018906e22,NA,NA,https://www.erasmusmc.nl/en/,NA
Erasmus University,NA,Erasmus University Rotterdam,NA,NLD,NA,NA,https://ror.org/057w15z03,NA,NA,https://www.eur.nl/en,NA
Leiden University,NA,Leiden University,NA,NLD,NA,NA,https://ror.org/027bh9e22,NA,NA,https://www.universiteitleiden.nl/en,NA
Maastricht University,NA,Maastricht University,NA,NLD,NA,NA,https://ror.org/02jz4aj89,NA,NA,https://www.maastrichtuniversity.nl/,NA
Radboud University,NA,Radboud University,NA,NLD,NA,NA,https://ror.org/016xsfp80,NA,NA,https://www.ru.nl/en,NA
Radboud University Medical Center,NA,Radboud University Medical Center,NA,NLD,NA,NA,https://ror.org/05wg1m734,NA,NA,https://www.radboudumc.nl/en/research,NA
University Medical Center Utrecht,NA,University Medical Center Utrecht,NA,NLD,NA,NA,https://ror.org/0575yy874,NA,NA,https://www.umcutrecht.nl/en,NA
University Medical Center Groningen (UMCG),NA,University Medical Center Groningen (UMCG),NA,NLD,NA,NA,https://ror.org/03cv38k47,NA,NA,https://www.umcg.nl/,NA
University of Groningen,NA,University of Groningen,NA,NLD,NA,NA,https://ror.org/012p63287,NA,NA,https://www.rug.nl/,NA
University of Amsterdam,NA,University of Amsterdam,NA,NLD,NA,NA,https://ror.org/04dkp9463,NA,NA,https://www.uva.nl/en,NA
University of Twente,NA,University of Twente,NA,NLD,NA,NA,https://ror.org/006hf6230,NA,NA,https://www.utwente.nl/en/,NA
Utrecht University,NA,Utrecht University,NA,NLD,NA,NA,https://ror.org/04pp8hn57,NA,NA,https://www.uu.nl/en,NA
VU University Amsterdam,NA,VU University Amsterdam,NA,NLD,NA,NA,https://ror.org/008xxew50,NA,NA,https://vu.nl/en,NA
VU University Medical Center (VUmc),NA,VU University Medical Center (VUmc),NA,NLD,NA,NA,https://ror.org/00q6h8f30,NA,NA,https://www.vumc.nl/,NA
Wageningen University and Research Centre,NA,Wageningen University and Research Centre,NA,NLD,NA,NA,https://ror.org/04qw24q55,NA,NA,https://www.wur.nl/en.htm,NA
Maastricht University Medical Center (UMC+),NA,Maastricht University Medical Center (UMC+),NA,NLD,NA,NA,https://ror.org/02d9ce178,NA,NA,https://www.mumc.nl/en,NA
Open University of The Netherlands,NA,Open University of The Netherlands,NA,NLD,NA,NA,https://ror.org/018dfmf50,NA,NA,https://www.ou.nl/en/,NA
Tilburg University,NA,Tilburg University,NA,NLD,NA,NA,https://ror.org/04b8v1s79,NA,NA,https://www.tilburguniversity.edu/,NA
Netherlands Interdisciplinary Demographic Institute (NIDI),NA,Netherlands Interdisciplinary Demographic Institute (NIDI),NA,NLD,NA,NA,https://ror.org/04kf5kc54,NA,NA,https://nidi.nl/en/,NA
Netherlands Institute of Ecology,NA,Netherlands Institute of Ecology,NA,NLD,NA,NA,https://ror.org/01g25jp36,NA,NA,https://nioo.knaw.nl/en,NA
"Meertens Institute",NA,"Meertens Institute",NA,NLD,NA,NA,https://ror.org/05kaxyq51,NA,NA,https://meertens.knaw.nl/en/,NA
Leiden University Medical Center (LUMC),NA,Leiden University Medical Center (LUMC),NA,NLD,NA,NA,https://ror.org/05xvt9f17,NA,NA,https://www.lumc.nl/,NA
Westerdijk Fungal Biodiversity Center (CBS),NA,Westerdijk Fungal Biodiversity Center (CBS),NA,NLD,NA,NA,https://ror.org/030a5r161,NA,NA,https://wi.knaw.nl/,NA
International Institute of Social History (IISH),NA,International Institute of Social History (IISH),NA,NLD,NA,NA,https://ror.org/05dq4pp56,NA,NA,https://iisg.amsterdam/en,NA
Academisch Centrum Tandheelkunde Amsterdam (ACTA),NA,Academisch Centrum Tandheelkunde Amsterdam (ACTA),NA,NLD,NA,NA,https://ror.org/04x5wnb75,NA,NA,https://acta.nl/en/,NA
Rathenau Institute,NA,Rathenau Institute,NA,NLD,NA,NA,https://ror.org/04crnd335,NA,NA,https://www.rathenau.nl/en,NA
Netherlands Institute for Neuroscience,NA,Netherlands Institute for Neuroscience,NA,NLD,NA,NA,https://ror.org/05csn2x06,NA,NA,https://nin.nl/,NA
Swedish Museum of Natural History,NA,Swedish Museum of Natural History,NA,SWE,NA,NA,https://ror.org/05k323c76,NA,NA,https://www.nrm.se/en/16.html,NA
Mid Sweden University,NA,Mid Sweden University,NA,SWE,NA,NA,https://ror.org/019k1pd13,NA,NA,https://www.miun.se/en,NA
Kristianstad University,NA,Kristianstad University,NA,SWE,NA,NA,https://ror.org/00tkrft03,NA,NA,https://www.hkr.se/en/,NA
Medical Products Agency,NA,Medical Products Agency,NA,SWE,NA,NA,https://ror.org/0356c4a29,NA,NA,https://www.lakemedelsverket.se/en,NA
Swedish Defence Research Agency,NA,Swedish Defence Research Agency,NA,SWE,NA,NA,https://ror.org/0470cgs30,NA,NA,https://www.foi.se/en/foi.html,NA
Swedish National Road and Transport Research Institute (VTI),NA,Swedish National Road and Transport Research Institute (VTI),NA,SWE,NA,NA,https://ror.org/04zmmpw58,NA,NA,https://www.vti.se/en/,NA
Swiss Federal University for Vocational Education and Training,NA,Swiss Federal University for Vocational Education and Training,NA,CHE,NA,NA,https://ror.org/00zg4za48,NA,NA,https://www.sfuvet.swiss/,NA
Schwyz University of Teacher Education,NA,Schwyz University of Teacher Education,NA,CHE,NA,NA,https://ror.org/00rqdn375,NA,NA,https://www.phsz.ch/en/,NA
Haute École Pédagogique BEJUNE,NA,Haute École Pédagogique BEJUNE,NA,CHE,NA,NA,https://ror.org/015pmkr43,NA,NA,https://www.hep-bejune.ch/,NA
Medicines for Malaria Venture,NA,Medicines for Malaria Venture,NA,CHE,NA,NA,https://ror.org/00p9jf779,NA,NA,https://www.mmv.org/,NA
University of Teacher Education Zug,NA,University of Teacher Education Zug,NA,CHE,NA,NA,https://ror.org/05ghhx264,NA,NA,https://www.zg.ch/behoerden/direktion-fur-bildung-und-kultur/phzg/university-of-teacher-education-zug,NA
University of Applied Sciences of the Grisons,NA,University of Applied Sciences of the Grisons,NA,CHE,NA,NA,https://ror.org/032ymzc07,NA,NA,https://www.fhgr.ch/en/,NA
Haute École Pédagogique Fribourg,NA,Haute École Pédagogique Fribourg,NA,CHE,NA,NA,https://ror.org/048gre751,NA,NA,https://hepfr.ch/,NA
Graduate Institute of International and Development Studies,NA,Graduate Institute of International and Development Studies,NA,CHE,NA,NA,https://ror.org/007ygn379,NA,NA,http://graduateinstitute.ch/home.html,NA
University of Liechtenstein,NA,University of Liechtenstein,NA,LIE,NA,NA,https://ror.org/01qjrx392,NA,NA,https://www.uni.li/study/de/,NA
Pädagogische Hochschule Bern,NA,Pädagogische Hochschule Bern,NA,CHE,NA,NA,https://ror.org/05jf1ma54,NA,NA,https://www.phbern.ch/,NA
University of Lausanne,lausanne_u,University of Lausanne,EUROPE,CHE,CH.VD,unilausanne,https://ror.org/019whta54,NA,NA,https://www.unil.ch/openscience/en/home/menuinst/open-access/open-access-a-lunil/soutien-360/voie-doree/gold-open-access-fund-unil.html,NA
University of Fribourg,NA,University of Fribourg,NA,CHE,NA,NA,https://ror.org/022fs9h90,NA,NA,https://www.unifr.ch/home/en/,NA
University of St.Gallen,NA,University of St.Gallen,NA,CHE,NA,NA,https://ror.org/0561a3s31,NA,NA,https://www.unisg.ch/,NA
University of Neuchatel,NA,University of Neuchatel,NA,CHE,NA,NA,https://ror.org/00vasag41,NA,NA,https://www.unine.ch/,NA
University of Geneva,NA,University of Geneva,NA,CHE,NA,NA,https://ror.org/01swzsf04,NA,NA,https://www.unige.ch/,NA
Haute École Pédagogique du Canton de Vaud,NA,Haute École Pédagogique du Canton de Vaud,NA,CHE,NA,NA,https://ror.org/01bvm0h13,NA,NA,https://www.hepl.ch/accueil.html,NA
Swiss Ornithological Institute,NA,Swiss Ornithological Institute,NA,CHE,NA,NA,https://ror.org/03mcsbr76,NA,NA,https://www.vogelwarte.ch/de/home/,NA
St.Gallen University of Teacher Education,NA,St.Gallen University of Teacher Education,NA,CHE,NA,NA,https://ror.org/05m37v666,NA,NA,https://www.phsg.ch/en,NA
École Polytechnique Fédérale de Lausanne,NA,École Polytechnique Fédérale de Lausanne,NA,CHE,NA,NA,https://ror.org/02s376052,NA,NA,https://www.epfl.ch/en/,NA
Università della Svizzera italiana,NA,Università della Svizzera italiana,NA,CHE,NA,NA,https://ror.org/03c4atk17,NA,NA,https://www.usi.ch/en,NA
Tampere University of Applied Sciences,NA,Tampere University of Applied Sciences,NA,FIN,NA,NA,https://ror.org/00bwtjf83,NA,NA,https://www.tuni.fi/fi/tutustu-meihin/tamk,NA
VAMK University of Applied Sciences,NA,VAMK University of Applied Sciences,NA,FIN,NA,NA,https://ror.org/00dde9829,NA,NA,https://www.vamk.fi/en/,NA
Oulu University of Applied Sciences,NA,Oulu University of Applied Sciences,NA,FIN,NA,NA,https://ror.org/03dvp8k55,NA,NA,https://www.oamk.fi/en/,NA
Turku University of Applied Sciences,NA,Turku University of Applied Sciences,NA,FIN,NA,NA,https://ror.org/04s0yt949,NA,NA,https://www.tuas.fi/en/,NA
VATT Institute for Economic Research,NA,VATT Institute for Economic Research,NA,FIN,NA,NA,https://ror.org/017qjec28,NA,NA,https://vatt.fi/etusivu,NA
Metropolia University of Applied Sciences,NA,Metropolia University of Applied Sciences,NA,FIN,NA,NA,https://ror.org/03hdaef25,NA,NA,https://www.metropolia.fi/en,NA
University of Lapland,NA,University of Lapland,NA,FIN,NA,NA,https://ror.org/05jzt8766,NA,NA,https://lib.luc.fi/research,NA
Social Insurance Institution of Finland,NA,Social Insurance Institution of Finland,NA,FIN,NA,NA,https://ror.org/057yw0190,NA,NA,https://www.kela.fi/about-kela-library,NA
Finnish Food Authority,NA,Finnish Food Authority,NA,FIN,NA,NA,https://ror.org/00dpnza76,NA,NA,https://www.ruokavirasto.fi/,NA
Medical University of Vienna,NA,Medical University of Vienna,NA,AUT,NA,NA,https://ror.org/05n3x4p02,NA,NA,https://www.meduniwien.ac.at/web/en/,NA
Paracelsus Medical University,NA,Paracelsus Medical University,NA,AUT,NA,NA,https://ror.org/03z3mg085,NA,NA,https://www.pmu.ac.at/en/home.html,NA
Vienna University of Economics and Business (WU),NA,Vienna University of Economics and Business (WU),NA,AUT,NA,NA,https://ror.org/03yn8s215,NA,NA,https://www.wu.ac.at/en/,NA
Medical University of Graz,NA,Medical University of Graz,NA,AUT,NA,NA,https://ror.org/02n0bts35,NA,NA,https://www.medunigraz.at/en/,NA
University of Natural Resources and Life Sciences Vienna (BOKU),NA,University of Natural Resources and Life Sciences Vienna (BOKU),NA,AUT,NA,NA,https://ror.org/057ff4y42,NA,NA,https://boku.ac.at/en/,NA
University of Vienna,NA,University of Vienna,NA,AUT,NA,NA,https://ror.org/03prydq77,NA,NA,https://www.univie.ac.at/en/,NA
University of Graz,NA,University of Graz,NA,AUT,NA,NA,https://ror.org/01faaaf77,NA,NA,https://www.uni-graz.at/en/,NA
Montanuniversität Leoben,NA,Montanuniversität Leoben,NA,AUT,NA,NA,https://ror.org/02fhfw393,NA,NA,https://www.unileoben.ac.at/en/,NA
University of Klagenfurt,NA,University of Klagenfurt,NA,AUT,NA,NA,https://ror.org/05q9m0937,NA,NA,https://www.aau.at/en/,NA
Graz University of Technology,NA,Graz University of Technology,NA,AUT,NA,NA,https://ror.org/00d7xrm67,NA,NA,https://www.tugraz.at/en/home,NA
International Institute for Applied Systems Analysis (IIASA),NA,International Institute for Applied Systems Analysis (IIASA),NA,AUT,NA,NA,https://ror.org/02wfhk785,NA,NA,https://iiasa.ac.at/,NA
University of Veterinary Medicine Vienna,NA,University of Veterinary Medicine Vienna,NA,AUT,NA,NA,https://ror.org/01w6qp003,NA,NA,https://www.vetmeduni.ac.at/en/,NA
Institute for Advanced Studies Vienna,NA,Institute for Advanced Studies Vienna,NA,AUT,NA,NA,https://ror.org/05ag62t55,NA,NA,https://www.ihs.ac.at/,NA
FH Vorarlberg - University of Applied Sciences,NA,FH Vorarlberg - University of Applied Sciences,NA,AUT,NA,NA,https://ror.org/031wyx077,NA,NA,https://www.fhv.at/en/,NA
University of Applied Sciences Upper Austria,NA,University of Applied Sciences Upper Austria,NA,AUT,NA,NA,https://ror.org/03jqp6d56,NA,NA,https://www.fh-ooe.at/en/,NA
FH St. Pölten - University of Applied Sciences,NA,FH St. Pölten - University of Applied Sciences,NA,AUT,NA,NA,https://ror.org/039a2re55,NA,NA,https://www.fhstp.ac.at/en,NA
Danube University Krems University for Continuing Education,NA,Danube University Krems University for Continuing Education,NA,AUT,NA,NA,https://ror.org/03ef4a036,NA,NA,https://www.donau-uni.ac.at/en.html,NA
FH Salzburg - University of Applied Sciences,NA,FH Salzburg - University of Applied Sciences,NA,AUT,NA,NA,https://ror.org/0072dxg89,NA,NA,https://www.fh-salzburg.ac.at/en/,NA
FH Joanneum - University of Applied Sciences,NA,FH Joanneum - University of Applied Sciences,NA,AUT,NA,NA,https://ror.org/03kkbqm48,NA,NA,https://www.fh-joanneum.at/en/,NA
University of Applied Sciences Burgenland,NA,University of Applied Sciences Burgenland,NA,AUT,NA,NA,https://ror.org/00t6gnv18,NA,NA,https://www.fh-burgenland.at/en/,NA
Royal Botanic Gardens,NA,Royal Botanic Gardens,NA,GBR,NA,NA,https://ror.org/00ynnr806,NA,NA,https://www.kew.org/,NA
Birmingham City University,NA,Birmingham City University,NA,GBR,NA,NA,https://ror.org/00t67pt25,NA,NA,https://www.bcu.ac.uk/,NA
Institute Mittag-Leffler,NA,Institute Mittag-Leffler,NA,SWE,NA,NA,https://ror.org/02z85gz67,NA,NA,http://www.mittag-leffler.se/,NA
Netherlands Institute for Advanced Study in the Humanities and Social Sciences (NIAS),NA,Netherlands Institute for Advanced Study in the Humanities and Social Sciences (NIAS),NA,NLD,NA,NA,https://ror.org/04z3wz653,NA,NA,https://nias.knaw.nl/,NA
University Campus Suffolk,NA,University Campus Suffolk,NA,GBR,NA,NA,https://ror.org/01cy0sz82,NA,NA,https://www.uos.ac.uk/,NA
Carinthia University of Applied Sciences (CUAS),NA,Carinthia University of Applied Sciences (CUAS),NA,AUT,NA,NA,https://ror.org/036w00e23,NA,NA,https://www.fh-kaernten.at/en/,NA
FH Kufstein Tirol - University of Applied Sciences,NA,FH Kufstein Tirol - University of Applied Sciences,NA,AUT,NA,NA,https://ror.org/04r1x2k35,NA,NA,https://www.fh-kufstein.ac.at/eng/,NA
FH Campus Wien - University of Applied Sciences,NA,FH Campus Wien - University of Applied Sciences,NA,AUT,NA,NA,https://ror.org/003f4pg83,NA,NA,https://www.fh-campuswien.ac.at/en,NA
University of Applied Sciences Wiener Neustadt for Business and Engineering,NA,University of Applied Sciences Wiener Neustadt for Business and Engineering,NA,AUT,NA,NA,https://ror.org/03k7r0z51,NA,NA,https://www.fhwn.ac.at/en/,NA
University of Worcester,NA,University of Worcester,NA,GBR,NA,NA,https://ror.org/00v6s9648,NA,NA,https://www.worcester.ac.uk/,NA
University of Roehampton,NA,University of Roehampton,NA,GBR,NA,NA,https://ror.org/043071f54,NA,NA,https://www.roehampton.ac.uk/,NA
Public Health Agency of Sweden,NA,Public Health Agency of Sweden,NA,SWE,NA,NA,https://ror.org/05x4m5564,NA,NA,https://www.folkhalsomyndigheten.se/the-public-health-agency-of-sweden/,NA
AC2T Research GmbH,NA,AC2T Research GmbH,NA,AUT,NA,NA,https://ror.org/012d0ge65,NA,NA,https://www.ac2t.at/en/,NA
Modul University Vienna (MUVIENNA),NA,Modul University Vienna (MUVIENNA),NA,AUT,NA,NA,https://ror.org/04v2brz27,NA,NA,https://www.modul.ac.at/,NA
RISE Research Institutes of Sweden,NA,RISE Research Institutes of Sweden,NA,SWE,NA,NA,https://ror.org/03nnxqz81,NA,NA,https://www.ri.se/en,NA
The Swedish Environmental Protection Agency,NA,The Swedish Environmental Protection Agency,NA,SWE,NA,NA,https://ror.org/02y7nf053,NA,NA,https://www.naturvardsverket.se/en,NA
Sophiahemmet University College,NA,Sophiahemmet University College,NA,SWE,NA,NA,https://ror.org/01aem0w72,NA,NA,https://www.shh.se/en/,NA
Agroscope,NA,Agroscope,NA,CHE,NA,NA,https://ror.org/04d8ztx87,NA,NA,https://www.agroscope.admin.ch/agroscope/en/home.html,NA
University of Applied Sciences and Arts Northwestern Switzerland,NA,University of Applied Sciences and Arts Northwestern Switzerland,NA,CHE,NA,NA,https://ror.org/04mq2g308,NA,NA,https://www.fhnw.ch/en,NA
University of Applied Sciences and Arts of Southern Switzerland,NA,University of Applied Sciences and Arts of Southern Switzerland,NA,CHE,NA,NA,https://ror.org/05ep8g269,NA,NA,https://www.supsi.ch/home_en.html,NA
University of Applied Sciences and Arts Western Switzerland,NA,University of Applied Sciences and Arts Western Switzerland,NA,CHE,NA,NA,https://ror.org/01xkakk17,NA,NA,https://www.hes-so.ch/en/homepage,NA
European Organization for Nuclear Research,NA,European Organization for Nuclear Research,NA,CHE,NA,NA,https://ror.org/01ggx4157,NA,NA,https://home.web.cern.ch/,NA
Forschungsinstitut für biologischen Landbau FiBL,NA,Forschungsinstitut für biologischen Landbau FiBL,NA,CHE,NA,NA,https://ror.org/039t93g49,NA,NA,https://www.fibl.org/en,NA
OST University of Applied Science of Eastern Switzerland,NA,OST University of Applied Science of Eastern Switzerland,NA,CHE,NA,NA,https://ror.org/038mj2660,NA,NA,https://www.ost.ch/en/,NA
University of Applied Sciences in Business Administration Zurich,NA,University of Applied Sciences in Business Administration Zurich,NA,CHE,NA,NA,https://ror.org/02ejkey04,NA,NA,https://fh-hwz.ch/english/,NA
Finnish Meteorological Institute,NA,Finnish Meteorological Institute,NA,FIN,NA,NA,https://ror.org/05hppb561,NA,NA,https://en.ilmatieteenlaitos.fi/,NA
Arcada University of Applied Sciences,NA,Arcada University of Applied Sciences,NA,FIN,NA,NA,https://ror.org/02s466x84,NA,NA,https://www.arcada.fi/en,NA
Finnish Institute of Occupational Health,NA,Finnish Institute of Occupational Health,NA,FIN,NA,NA,https://ror.org/030wyr187,NA,NA,https://www.ttl.fi/en,NA
Geological Survey of Finland,NA,Geological Survey of Finland,NA,FIN,NA,NA,https://ror.org/03vjnqy43,NA,NA,https://www.gtk.fi/en/,NA
Lappeenranta-Lahti University of Technology LUT,NA,Lappeenranta-Lahti University of Technology LUT,NA,FIN,NA,NA,https://ror.org/0208vgz68,NA,NA,https://www.lut.fi/en,NA
Finnish Institute for Health and Welfare,NA,Finnish Institute for Health and Welfare,NA,FIN,NA,NA,https://ror.org/03tf0c761,NA,NA,https://thl.fi/en/web/thlfi-en,NA
Novia University of Applied Sciences,NA,Novia University of Applied Sciences,NA,FIN,NA,NA,https://ror.org/05e08rb26,NA,NA,https://www.novia.fi/novia-uas/,NA
Finnish Government,NA,Finnish Government,NA,FIN,NA,NA,https://ror.org/04863f219,NA,NA,https://valtioneuvosto.fi/en/frontpage,NA
Hubrecht Institute for Developmental Biology and Stem Cell Research,NA,Hubrecht Institute for Developmental Biology and Stem Cell Research,NA,NLD,NA,NA,https://ror.org/023qc4a07,NA,NA,https://www.hubrecht.eu/,NA
Ferdinand Porsche FernFH,NA,Ferdinand Porsche FernFH,NA,AUT,NA,NA,NA,NA,NA,https://www.fernfh.ac.at/en,NA
FHWien der WKW (FHW),NA,FHWien der WKW (FHW),NA,AUT,NA,NA,NA,NA,NA,https://www.fh-wien.ac.at/en/,NA
University of Innsbruck and Medical University of Innsbruck,NA,University of Innsbruck and Medical University of Innsbruck,NA,AUT,NA,NA,NA,NA,NA,NA,NA
University of Innsbruck,NA,University of Innsbruck,NA,AUT,NA,NA,https://ror.org/054pv6659,NA,NA,https://www.uibk.ac.at/en/,NA
Medical University of Innsbruck,NA,Medical University of Innsbruck,NA,AUT,NA,NA,https://ror.org/03pt86f80,NA,NA,https://www.i-med.ac.at/mypoint/index.xml.en,NA
Hannover U und TIB,NA,Hannover U und TIB,NA,DEU,NA,NA,NA,NA,NA,NA,NA
French institutions,NA,French institutions,NA,FRA,NA,NA,NA,NA,NA,NA,NA
National Land Survey of Finland,NA,National Land Survey of Finland,NA,FIN,NA,NA,NA,NA,NA,https://www.maanmittauslaitos.fi/en,NA
Royal Netherlands Academy of Arts and Sciences Bureau (KNAW Bureau),NA,Royal Netherlands Academy of Arts and Sciences Bureau (KNAW Bureau),NA,NLD,NA,NA,https://ror.org/043c0p156,NA,NA,https://www.knaw.nl/en,NA
Research Institute of Molecular Pathology (IMP) / IMBA - Institute of Molecular Biotechnology / Gregor Mendel Institute of Molecular Plant Biology,NA,Research Institute of Molecular Pathology (IMP) / IMBA - Institute of Molecular Biotechnology / Gregor Mendel Institute of Molecular Plant Biology,NA,AUT,NA,NA,NA,NA,NA,NA,NA
University Medical Center Hamburg-Eppendorf,uke,University Medical Center Hamburg-Eppendorf,EUROPE,DEU,HH,uke,https://ror.org/01zgy1s35,HEI,NA,https://www.uke.de/forschung/open-science/publikationsfoerderung/index.html,NA
Consiglio Nazionale Delle Ricerche (CNR),cnr,Consiglio Nazionale Delle Ricerche (CNR),EUROPE,ITA,IT-62,cnr,https://ror.org/04zaypm56,NA,NA,https://www.cnr.it/en/cnr-open-access,NA
École nationale vétérinaire d'Alfort (EnvA),enva,École nationale vétérinaire d'Alfort (EnvA),EUROPE,FRA,FR-IDF,couperin/enva,https://ror.org/04k031t90,NA,NA,https://www.vet-alfort.fr/,NA
Marie Cederschiöld University,NA,Marie Cederschiöld University,EUROPE,SWE,NA,NA,https://ror.org/00ajvsd91,NA,NA,https://www.mchs.se/,NA
ANSES,anses,"Agence nationale de sécurité sanitaire de l'alimentation, de l'environnement et du travail (ANSES)",EUROPE,FRA,FR-IDF,couperin/anses,https://ror.org/0471kz689,NA,NA,https://www.anses.fr/en,NA
EHESP,ehesp,École des Hautes Etudes en Santé Publique (EHESP),EUROPE,FRA,FR-BRE,couperin/ehesp,https://ror.org/01sc83v92,NA,NA,https://www.ehesp.fr/en/,NA
Université Paris Cité,paris_cite_u,Université Paris Cité,EUROPE,FRA,FR-IDF,couperin/paris-cité,https://ror.org/05f82e368,NA,NA,https://u-paris.fr/en/,NA
RWTH Aachen,rwth,RWTH Aachen,EUROPE,DEU,NW,rwth,https://ror.org/04xfq0f34,HEI,NA,https://www.ub.rwth-aachen.de/cms/ub/Forschung/Wissenschaftliches-Publizieren/~iigq/Open-Access-Die-neue-Art-zu-publizieren/,NA
DESY,desy,Deutsches Elektronen-Synchrotron DESY,EUROPE,DEU,HH,desy,https://ror.org/01js2sh04,INS,HGF,https://library.desy.de/open_access/publishing_options_for_authors/,NA
Hochschule Bonn-Rhein-Sieg,hbrs,Hochschule Bonn-Rhein-Sieg,EUROPE,DEU,NW,hbrs,https://ror.org/04m2anh63,HEI,NA,https://www.h-brs.de/en/bib/publication-fund,NA
TH Brandenburg,th_brandenburg,Technische Hochschule Brandenburg,EUROPE,DEU,BB,thbrandenburg,https://ror.org/04qj3gf68,HEI,NA,https://bibliothek.th-brandenburg.de/open-access-und-publizieren/open-access/,NA
"Lib4RI - Library for the Research Institutes within the ETH Domain Eawag, Empa, PSI & WSL",NA,"Lib4RI - Library for the Research Institutes within the ETH Domain Eawag, Empa, PSI & WSL",EUROPE,CHE,CH.ZH,NA,https://ror.org/021f7p178,NA,NA,https://www.lib4ri.ch/services/open-access.html,NA
TU Bergakademie Freiberg,tu_freiberg,TU Bergakademie Freiberg,EUROPE,DEU,SN,tufreiberg,https://ror.org/031vc2293,HEI,NA,NA,NA
Aachen FH,aachen_fh,Aachen University of Applied Sciences,EUROPE,DEU,NW,fhaachen,https://ror.org/04tqgg260,HEI,NA,https://www.fh-aachen.de/fh-aachen/arbeiten/servicestellen-fuer-beschaeftigte/bibliotheksservices-fuer-beschaeftigte/forschen-publizieren/publikationsfonds-forschung,NA
Uniarts Helsinki,helsinki_uniarts,University of the Arts Helsinki,EUROPE,FIN,FI-18,NA,https://ror.org/05anqtc62,NA,NA,https://www.uniarts.fi/en/,NA
Université de Bordeaux Montaigne,bordeaux_montaigne_u,Université de Bordeaux Montaigne,EUROPE,FRA,FR-NAQ,couperin/bordeaux-montaigne,https://ror.org/03pbgwk21,NA,NA,NA,NA
Università degli Studi di Modena e Reggio Emilia,modena_reggioemilia_u,Università degli Studi di Modena e Reggio Emilia,EUROPE,ITA,IT-45,unimodena,https://ror.org/02d4c4y02,NA,NA,https://international.unimore.it/,NA
Potsdam FH,potsdam_fh,University of Applied Sciences Potsdam,EUROPE,DEU,BB,fhpotsdam,https://ror.org/012m9bp23,HEI,NA,https://www.fh-potsdam.de/campus-services/bibliothek/open-access-publizieren#section-18181,NA
LAB University of Applied Sciences,NA,LAB University of Applied Sciences,NA,FIN,NA,NA,https://ror.org/01qdmn762,NA,NA,https://www.lab.fi/en,NA
Université d'Orléans,orleans_u,Université d'Orléans,EUROPE,FRA,FR-CVL,couperin/orleans,https://ror.org/014zrew76,NA,NA,NA,NA
Université Louis Lumière - Lyon II,lyon2_u,Université Louis Lumière - Lyon II,EUROPE,FRA,FR-ARA,couperin/lyon2,https://ror.org/03rth4p18,NA,NA,NA,NA
IRS,irs,Leibniz-Institut für Raumbezogene Sozialforschung (IRS),EUROPE,DEU,BB,irs,https://ror.org/01rkqb281,INS,WGL,https://leibniz-irs.de/en/research/publications/open-access,NA
Kalaidos University of Applied Sciences,NA,Kalaidos University of Applied Sciences,NA,CHE,NA,NA,https://ror.org/049c2kr37,NA,NA,https://www.kalaidos-fh.ch/de-CH/,NA
University of Teacher Education in Special Needs,NA,University of Teacher Education in Special Needs,NA,CHE,NA,NA,https://ror.org/00w9q2c06,NA,NA,https://www.hfh.ch/en,NA
